id,chrom,pos,ref,alt,hgvs_c,hgvs_p,consequence,gene_id
1,1,111660540,T,C,ENST00000286692.4:c.*242A>G,,3_prime_UTR_variant,ENSG00000156171
2,1,111660605,C,T,ENST00000286692.4:c.*177G>A,,3_prime_UTR_variant,ENSG00000156171
3,1,111660615,A,C,ENST00000286692.4:c.*167T>G,,3_prime_UTR_variant,ENSG00000156171
4,1,111660690,G,A,ENST00000286692.4:c.*92C>T,,3_prime_UTR_variant,ENSG00000156171
5,1,111660691,T,C,ENST00000286692.4:c.*91A>G,,3_prime_UTR_variant,ENSG00000156171
6,1,111660703,GAGA,G,ENST00000286692.4:c.*76_*78del,,3_prime_UTR_variant,ENSG00000156171
7,1,111660772,T,A,ENST00000286692.4:c.*10A>T,,3_prime_UTR_variant,ENSG00000156171
8,1,111660805,G,A,ENST00000286692.4:c.778C>T,ENSP00000286692.4:p.Arg260Trp,missense_variant,ENSG00000156171
9,1,111660810,C,T,ENST00000286692.4:c.773G>A,ENSP00000286692.4:p.Arg258Gln,missense_variant,ENSG00000156171
10,1,111660816,T,C,ENST00000286692.4:c.767A>G,ENSP00000286692.4:p.Asn256Ser,missense_variant,ENSG00000156171
11,1,111674146,G,C,ENST00000286692.4:c.31C>G,ENSP00000286692.4:p.Leu11Val,missense_variant,ENSG00000156171
12,1,111660846,A,G,ENST00000286692.4:c.737T>C,ENSP00000286692.4:p.Leu246Pro,missense_variant,ENSG00000156171
13,1,111660859,G,C,ENST00000286692.4:c.724C>G,ENSP00000286692.4:p.His242Asp,missense_variant,ENSG00000156171
14,1,111660864,T,C,ENST00000286692.4:c.719A>G,ENSP00000286692.4:p.Asn240Ser,missense_variant,ENSG00000156171
15,1,111660866,G,A,ENST00000286692.4:c.717C>T,ENSP00000286692.4:p.Ala239=,synonymous_variant,ENSG00000156171
16,1,111660876,CGTAAAGA,C,ENST00000286692.4:c.700_706del,ENSP00000286692.4:p.Ser234GlyfsTer9,frameshift_variant,ENSG00000156171
17,1,111660877,G,A,ENST00000286692.4:c.706C>T,ENSP00000286692.4:p.Arg236Trp,missense_variant,ENSG00000156171
18,1,111660956,T,C,ENST00000286692.4:c.694-67A>G,,intron_variant,ENSG00000156171
19,1,111660969,C,A,ENST00000286692.4:c.694-80G>T,,intron_variant,ENSG00000156171
20,1,111661333,CG,C,ENST00000286692.4:c.693+93del,,intron_variant,ENSG00000156171
21,1,111661338,G,C,ENST00000286692.4:c.693+89C>G,,intron_variant,ENSG00000156171
22,1,111661357,C,T,ENST00000286692.4:c.693+70G>A,,intron_variant,ENSG00000156171
23,1,111661412,A,G,ENST00000286692.4:c.693+15T>C,,intron_variant,ENSG00000156171
24,1,111661413,T,C,ENST00000286692.4:c.693+14A>G,,intron_variant,ENSG00000156171
25,1,111661418,C,G,ENST00000286692.4:c.693+9G>C,,intron_variant,ENSG00000156171
26,1,111661437,C,T,ENST00000286692.4:c.683G>A,ENSP00000286692.4:p.Arg228His,missense_variant,ENSG00000156171
27,1,111661438,G,A,ENST00000286692.4:c.682C>T,ENSP00000286692.4:p.Arg228Cys,missense_variant,ENSG00000156171
28,1,111661488,G,C,ENST00000286692.4:c.632C>G,ENSP00000286692.4:p.Ala211Gly,missense_variant,ENSG00000156171
29,1,111661491,G,A,ENST00000286692.4:c.629C>T,ENSP00000286692.4:p.Ala210Val,missense_variant,ENSG00000156171
30,1,111661528,T,C,ENST00000286692.4:c.601-9A>G,,intron_variant,ENSG00000156171
31,1,111661566,C,T,ENST00000286692.4:c.601-47G>A,,intron_variant,ENSG00000156171
32,1,111661575,T,A,ENST00000286692.4:c.601-56A>T,,intron_variant,ENSG00000156171
33,1,111661577,C,T,ENST00000286692.4:c.601-58G>A,,intron_variant,ENSG00000156171
34,1,111661609,T,C,ENST00000286692.4:c.601-90A>G,,intron_variant,ENSG00000156171
35,1,111662405,TTTCA,T,ENST00000286692.4:c.600+90_600+93del,,intron_variant,ENSG00000156171
36,1,111662415,A,G,ENST00000286692.4:c.600+84T>C,,intron_variant,ENSG00000156171
37,1,111662433,A,G,ENST00000286692.4:c.600+66T>C,,intron_variant,ENSG00000156171
38,1,111662444,A,T,ENST00000286692.4:c.600+55T>A,,intron_variant,ENSG00000156171
39,1,111662462,T,C,ENST00000286692.4:c.600+37A>G,,intron_variant,ENSG00000156171
40,1,111662499,T,A,ENST00000286692.4:c.600A>T,ENSP00000286692.4:p.Lys200Asn,missense_variant,ENSG00000156171
41,1,111662505,C,T,ENST00000286692.4:c.594G>A,ENSP00000286692.4:p.Glu198=,synonymous_variant,ENSG00000156171
42,1,111662518,T,C,ENST00000286692.4:c.581A>G,ENSP00000286692.4:p.His194Arg,missense_variant,ENSG00000156171
43,1,111662539,G,A,ENST00000286692.4:c.560C>T,ENSP00000286692.4:p.Thr187Ile,missense_variant,ENSG00000156171
44,1,111662551,C,T,ENST00000286692.4:c.548G>A,ENSP00000286692.4:p.Gly183Asp,missense_variant,ENSG00000156171
45,1,111662568,T,C,ENST00000286692.4:c.531A>G,ENSP00000286692.4:p.Ser177=,synonymous_variant,ENSG00000156171
46,1,111662592,A,G,ENST00000286692.4:c.518-11T>C,,intron_variant,ENSG00000156171
47,1,111662593,TAAGTC,T,ENST00000286692.4:c.518-17_518-13del,,intron_variant,ENSG00000156171
48,1,111662617,CGATCTCAGAGAA,C,ENST00000286692.4:c.518-48_518-37del,,intron_variant,ENSG00000156171
49,1,111663023,AAAAAAAAAAAAAAAAAAAGAC,A,ENST00000286692.4:c.517+94_517+114del,,intron_variant,ENSG00000156171
50,1,111663040,A,G,ENST00000286692.4:c.517+98T>C,,intron_variant,ENSG00000156171
51,1,111663040,A,AAG,ENST00000286692.4:c.517+96_517+97dup,,intron_variant,ENSG00000156171
52,1,111663041,AGAC,A,ENST00000286692.4:c.517+94_517+96del,,intron_variant,ENSG00000156171
53,1,111663042,G,A,ENST00000286692.4:c.517+96C>T,,intron_variant,ENSG00000156171
54,1,111663044,C,A,ENST00000286692.4:c.517+94G>T,,intron_variant,ENSG00000156171
55,1,111663056,T,C,ENST00000286692.4:c.517+82A>G,,intron_variant,ENSG00000156171
56,1,111663070,T,C,ENST00000286692.4:c.517+68A>G,,intron_variant,ENSG00000156171
57,1,111663153,C,CTCCACACCA,ENST00000286692.4:c.493_501dup,ENSP00000286692.4:p.Trp165_Gly167dup,inframe_insertion,ENSG00000156171
58,1,111663161,C,T,ENST00000286692.4:c.494G>A,ENSP00000286692.4:p.Trp165Ter,stop_gained,ENSG00000156171
59,1,111663182,A,G,ENST00000286692.4:c.473T>C,ENSP00000286692.4:p.Ile158Thr,missense_variant,ENSG00000156171
60,14,76147870,G,T,ENST00000298832.9:c.182-18G>T,,intron_variant,ENSG00000119685
61,1,111663259,G,A,ENST00000286692.4:c.396C>T,ENSP00000286692.4:p.Gly132=,synonymous_variant,ENSG00000156171
62,1,111663272,G,A,ENST00000286692.4:c.383C>T,ENSP00000286692.4:p.Thr128Ile,missense_variant,ENSG00000156171
63,1,111663293,T,A,ENST00000286692.4:c.362A>T,ENSP00000286692.4:p.His121Leu,missense_variant,ENSG00000156171
64,1,111663308,G,A,ENST00000286692.4:c.347C>T,ENSP00000286692.4:p.Thr116Ile,missense_variant,ENSG00000156171
65,1,111663324,TAGAG,T,ENST00000286692.4:c.340-13_340-10del,,intron_variant,ENSG00000156171
66,1,111663340,G,A,ENST00000286692.4:c.340-25C>T,,intron_variant,ENSG00000156171
67,1,111663347,A,G,ENST00000286692.4:c.340-32T>C,,intron_variant,ENSG00000156171
68,1,111663363,C,T,ENST00000286692.4:c.340-48G>A,,intron_variant,ENSG00000156171
69,1,111663373,AC,A,ENST00000286692.4:c.340-59del,,intron_variant,ENSG00000156171
70,1,111663415,C,A,ENST00000286692.4:c.340-100G>T,,intron_variant,ENSG00000156171
71,1,111663422,T,C,ENST00000286692.4:c.340-107A>G,,intron_variant,ENSG00000156171
72,1,111667226,A,C,ENST00000286692.4:c.339+138T>G,,intron_variant,ENSG00000156171
73,1,111667306,T,C,ENST00000286692.4:c.339+58A>G,,intron_variant,ENSG00000156171
74,1,111667316,ATATT,A,ENST00000286692.4:c.339+44_339+47del,,intron_variant,ENSG00000156171
75,1,111667344,T,C,ENST00000286692.4:c.339+20A>G,,intron_variant,ENSG00000156171
76,1,111667352,TA,T,ENST00000286692.4:c.339+11del,,intron_variant,ENSG00000156171
77,1,111674152,T,C,ENST00000286692.4:c.25A>G,ENSP00000286692.4:p.Ser9Gly,missense_variant,ENSG00000156171
78,1,111667385,A,G,ENST00000286692.4:c.318T>C,ENSP00000286692.4:p.Leu106=,synonymous_variant,ENSG00000156171
79,1,111667397,A,G,ENST00000286692.4:c.306T>C,ENSP00000286692.4:p.Ser102=,synonymous_variant,ENSG00000156171
80,1,111667440,A,G,ENST00000286692.4:c.263T>C,ENSP00000286692.4:p.Ile88Thr,missense_variant,ENSG00000156171
81,1,111667466,A,C,ENST00000286692.4:c.237T>G,ENSP00000286692.4:p.His79Gln,missense_variant,ENSG00000156171
82,1,111667477,TATAACGAAC,T,ENST00000286692.4:c.217_225del,ENSP00000286692.4:p.Val73_Tyr75del,inframe_deletion,ENSG00000156171
83,1,111667482,C,T,ENST00000286692.4:c.221G>A,ENSP00000286692.4:p.Arg74His,missense_variant,ENSG00000156171
84,1,111667530,C,T,ENST00000286692.4:c.200-27G>A,,intron_variant,ENSG00000156171
85,1,111667556,A,T,ENST00000286692.4:c.200-53T>A,,intron_variant,ENSG00000156171
86,1,111667633,T,A,ENST00000286692.4:c.200-130A>T,,intron_variant,ENSG00000156171
87,1,111667639,G,A,ENST00000286692.4:c.200-136C>T,,intron_variant,ENSG00000156171
88,1,111667639,GA,G,ENST00000286692.4:c.200-137del,,intron_variant,ENSG00000156171
89,1,111667639,G,GAA,ENST00000286692.4:c.200-138_200-137dup,,intron_variant,ENSG00000156171
90,1,111667639,G,GA,ENST00000286692.4:c.200-137dup,,intron_variant,ENSG00000156171
91,1,111667644,A,G,ENST00000286692.4:c.200-141T>C,,intron_variant,ENSG00000156171
92,1,111668716,A,T,ENST00000286692.4:c.199+133T>A,,intron_variant,ENSG00000156171
93,1,111668801,C,T,ENST00000286692.4:c.199+48G>A,,intron_variant,ENSG00000156171
94,1,111668831,A,T,ENST00000286692.4:c.199+18T>A,,intron_variant,ENSG00000156171
95,1,111668836,T,G,ENST00000286692.4:c.199+13A>C,,intron_variant,ENSG00000156171
96,1,111668843,A,C,ENST00000286692.4:c.199+6T>G,,splice_region_variant,ENSG00000156171
97,1,111668873,T,C,ENST00000286692.4:c.175A>G,ENSP00000286692.4:p.Met59Val,missense_variant,ENSG00000156171
98,1,111668907,AC,A,ENST00000286692.4:c.140del,ENSP00000286692.4:p.Gly47ValfsTer3,frameshift_variant,ENSG00000156171
99,1,111668950,C,T,ENST00000286692.4:c.132-34G>A,,intron_variant,ENSG00000156171
100,1,111668959,T,A,ENST00000286692.4:c.132-43A>T,,intron_variant,ENSG00000156171
101,1,111668978,T,C,ENST00000286692.4:c.132-62A>G,,intron_variant,ENSG00000156171
102,1,111668981,G,T,ENST00000286692.4:c.132-65C>A,,intron_variant,ENSG00000156171
103,1,111668984,A,G,ENST00000286692.4:c.132-68T>C,,intron_variant,ENSG00000156171
104,1,111669011,C,G,ENST00000286692.4:c.132-95G>C,,intron_variant,ENSG00000156171
105,1,111669021,T,G,ENST00000286692.4:c.132-105A>C,,intron_variant,ENSG00000156171
106,1,111673916,T,C,ENST00000286692.4:c.131+130A>G,,intron_variant,ENSG00000156171
107,1,111673949,T,C,ENST00000286692.4:c.131+97A>G,,intron_variant,ENSG00000156171
108,1,111673965,T,C,ENST00000286692.4:c.131+81A>G,,intron_variant,ENSG00000156171
109,1,111673993,AAATAAG,A,ENST00000286692.4:c.131+47_131+52del,,intron_variant,ENSG00000156171
110,1,111674051,A,G,ENST00000286692.4:c.126T>C,ENSP00000286692.4:p.Tyr42=,synonymous_variant,ENSG00000156171
111,1,111674098,A,G,ENST00000286692.4:c.79T>C,ENSP00000286692.4:p.Tyr27His,missense_variant,ENSG00000156171
112,1,111674142,G,A,ENST00000286692.4:c.35C>T,ENSP00000286692.4:p.Pro12Leu,missense_variant,ENSG00000156171
113,1,111674166,AACC,A,ENST00000286692.4:c.8_10del,ENSP00000286692.4:p.Trp3del,inframe_deletion,ENSG00000156171
114,1,111674214,A,AAAAGATAATTCAC,ENST00000286692.4:c.-14-37_-14-25dup,,intron_variant,ENSG00000156171
115,1,111674228,A,G,ENST00000286692.4:c.-14-38T>C,,intron_variant,ENSG00000156171
116,1,111674231,A,C,ENST00000286692.4:c.-14-41T>G,,intron_variant,ENSG00000156171
117,1,111674284,C,G,ENST00000286692.4:c.-14-94G>C,,intron_variant,ENSG00000156171
118,1,111674289,CTG,C,ENST00000286692.4:c.-14-101_-14-100del,,intron_variant,ENSG00000156171
119,1,111680184,C,T,ENST00000286692.4:c.-54G>A,,5_prime_UTR_variant,ENSG00000156171
120,1,111680215,C,T,ENST00000286692.4:c.-78-7G>A,,splice_region_variant,ENSG00000156171
121,1,111680267,T,C,ENST00000286692.4:c.-78-59A>G,,intron_variant,ENSG00000156171
122,1,111682208,A,T,ENST00000286692.4:c.-164T>A,,5_prime_UTR_variant,ENSG00000156171
123,1,111682427,C,A,ENST00000286692.4:c.-383G>T,,5_prime_UTR_variant,ENSG00000156171
124,14,76186275,G,A,ENST00000298832.9:c.934+106G>A,,intron_variant,ENSG00000119685
125,14,76259418,GC,G,ENST00000298832.9:c.3148del,ENSP00000298832.9:p.His1050ThrfsTer9,frameshift_variant,ENSG00000119685
126,14,76349171,C,T,ENST00000298832.9:c.3666C>T,ENSP00000298832.9:p.Cys1222=,synonymous_variant,ENSG00000119685
127,1,111659977,A,G,ENST00000286692.4:c.*805T>C,,3_prime_UTR_variant,ENSG00000156171
128,1,111659997,A,C,ENST00000286692.4:c.*785T>G,,3_prime_UTR_variant,ENSG00000156171
129,1,111660001,C,T,ENST00000286692.4:c.*781G>A,,3_prime_UTR_variant,ENSG00000156171
130,1,111660075,C,T,ENST00000286692.4:c.*707G>A,,3_prime_UTR_variant,ENSG00000156171
131,1,111660084,TGGTGATTAAA,T,ENST00000286692.4:c.*688_*697del,,3_prime_UTR_variant,ENSG00000156171
132,1,111660178,C,A,ENST00000286692.4:c.*604G>T,,3_prime_UTR_variant,ENSG00000156171
133,1,111660181,G,GA,ENST00000286692.4:c.*600dup,,3_prime_UTR_variant,ENSG00000156171
134,1,111660181,GA,G,ENST00000286692.4:c.*600del,,3_prime_UTR_variant,ENSG00000156171
135,1,111660222,C,T,ENST00000286692.4:c.*560G>A,,3_prime_UTR_variant,ENSG00000156171
136,1,111660359,G,C,ENST00000286692.4:c.*423C>G,,3_prime_UTR_variant,ENSG00000156171
137,1,111660486,C,G,ENST00000286692.4:c.*296G>C,,3_prime_UTR_variant,ENSG00000156171
138,1,111660507,T,C,ENST00000286692.4:c.*275A>G,,3_prime_UTR_variant,ENSG00000156171
139,14,76368547,T,C,ENST00000298832.9:c.3803T>C,ENSP00000298832.9:p.Val1268Ala,missense_variant,ENSG00000119685
140,1,111660708,G,A,ENST00000286692.4:c.*74C>T,,3_prime_UTR_variant,ENSG00000156171
141,14,76219212,C,T,ENST00000298832.9:c.1488-24C>T,,intron_variant,ENSG00000119685
142,14,76246104,C,A,ENST00000298832.9:c.2515+59C>A,,intron_variant,ENSG00000119685
143,14,76174054,A,G,ENST00000298832.9:c.740+4A>G,,splice_region_variant,ENSG00000119685
144,14,76127655,C,T,ENST00000298832.9:c.-171C>T,,5_prime_UTR_variant,ENSG00000119685
145,14,76127692,C,G,ENST00000298832.9:c.-134C>G,,5_prime_UTR_variant,ENSG00000119685
146,14,76127736,C,T,ENST00000298832.9:c.-96+6C>T,,splice_region_variant,ENSG00000119685
147,14,76129480,A,G,ENST00000298832.9:c.-13A>G,,5_prime_UTR_variant,ENSG00000119685
148,14,76129505,A,T,ENST00000298832.9:c.13A>T,ENSP00000298832.9:p.Met5Leu,missense_variant,ENSG00000119685
149,14,76129512,G,A,ENST00000298832.9:c.20G>A,ENSP00000298832.9:p.Arg7Gln,missense_variant,ENSG00000119685
150,14,76129516,C,A,ENST00000298832.9:c.24C>A,ENSP00000298832.9:p.Asp8Glu,missense_variant,ENSG00000119685
151,14,76129532,T,C,ENST00000298832.9:c.40T>C,ENSP00000298832.9:p.Ser14Pro,missense_variant,ENSG00000119685
152,14,76129569,A,G,ENST00000298832.9:c.74+3A>G,,splice_region_variant,ENSG00000119685
153,14,76129586,C,A,ENST00000298832.9:c.74+20C>A,,intron_variant,ENSG00000119685
154,14,76129591,A,G,ENST00000298832.9:c.74+25A>G,,intron_variant,ENSG00000119685
155,14,76129628,T,C,ENST00000298832.9:c.74+62T>C,,intron_variant,ENSG00000119685
156,14,76135727,G,A,ENST00000298832.9:c.75-32G>A,,intron_variant,ENSG00000119685
157,14,76135756,T,C,ENST00000298832.9:c.75-3T>C,,splice_region_variant,ENSG00000119685
158,14,76135776,T,C,ENST00000298832.9:c.92T>C,ENSP00000298832.9:p.Met31Thr,missense_variant,ENSG00000119685
159,14,76135822,C,T,ENST00000298832.9:c.138C>T,ENSP00000298832.9:p.Ala46=,synonymous_variant,ENSG00000119685
160,14,76135856,G,T,ENST00000298832.9:c.172G>T,ENSP00000298832.9:p.Val58Leu,missense_variant,ENSG00000119685
161,14,76135869,C,T,ENST00000298832.9:c.181+4C>T,,splice_region_variant,ENSG00000119685
162,14,76135870,G,A,ENST00000298832.9:c.181+5G>A,,splice_region_variant,ENSG00000119685
163,14,76135883,C,T,ENST00000298832.9:c.181+18C>T,,intron_variant,ENSG00000119685
164,14,76135888,A,G,ENST00000298832.9:c.181+23A>G,,intron_variant,ENSG00000119685
165,14,76135889,G,C,ENST00000298832.9:c.181+24G>C,,intron_variant,ENSG00000119685
166,14,76135892,C,T,ENST00000298832.9:c.181+27C>T,,intron_variant,ENSG00000119685
167,14,76135903,A,G,ENST00000298832.9:c.181+38A>G,,intron_variant,ENSG00000119685
168,14,76135913,C,A,ENST00000298832.9:c.181+48C>A,,intron_variant,ENSG00000119685
169,14,76135932,T,C,ENST00000298832.9:c.181+67T>C,,intron_variant,ENSG00000119685
170,14,76135942,A,G,ENST00000298832.9:c.181+77A>G,,intron_variant,ENSG00000119685
171,14,76135968,A,C,ENST00000298832.9:c.181+103A>C,,intron_variant,ENSG00000119685
172,14,76147830,T,G,ENST00000298832.9:c.182-58T>G,,intron_variant,ENSG00000119685
173,14,76147845,A,G,ENST00000298832.9:c.182-43A>G,,intron_variant,ENSG00000119685
174,14,76147907,T,C,ENST00000298832.9:c.201T>C,ENSP00000298832.9:p.Tyr67=,synonymous_variant,ENSG00000119685
175,14,76147922,G,A,ENST00000298832.9:c.216G>A,ENSP00000298832.9:p.Thr72=,synonymous_variant,ENSG00000119685
176,14,76147976,T,G,ENST00000298832.9:c.264+6T>G,,splice_region_variant,ENSG00000119685
177,14,76148001,T,G,ENST00000298832.9:c.264+31T>G,,intron_variant,ENSG00000119685
178,14,76148051,G,A,ENST00000298832.9:c.264+81G>A,,intron_variant,ENSG00000119685
179,14,76148056,A,G,ENST00000298832.9:c.264+86A>G,,intron_variant,ENSG00000119685
180,14,76148066,A,G,ENST00000298832.9:c.264+96A>G,,intron_variant,ENSG00000119685
181,14,76149807,A,G,ENST00000298832.9:c.265-86A>G,,intron_variant,ENSG00000119685
182,14,76149830,T,C,ENST00000298832.9:c.265-63T>C,,intron_variant,ENSG00000119685
183,14,76149846,G,T,ENST00000298832.9:c.265-47G>T,,intron_variant,ENSG00000119685
184,14,76149865,G,T,ENST00000298832.9:c.265-28G>T,,intron_variant,ENSG00000119685
185,14,76149866,C,T,ENST00000298832.9:c.265-27C>T,,intron_variant,ENSG00000119685
186,14,76149867,C,T,ENST00000298832.9:c.265-26C>T,,intron_variant,ENSG00000119685
187,14,76149870,C,T,ENST00000298832.9:c.265-23C>T,,intron_variant,ENSG00000119685
188,14,76149873,G,T,ENST00000298832.9:c.265-20G>T,,intron_variant,ENSG00000119685
189,14,76149881,G,C,ENST00000298832.9:c.265-12G>C,,intron_variant,ENSG00000119685
190,14,76149883,C,G,ENST00000298832.9:c.265-10C>G,,intron_variant,ENSG00000119685
191,14,76149910,T,C,ENST00000298832.9:c.282T>C,ENSP00000298832.9:p.Thr94=,synonymous_variant,ENSG00000119685
192,14,76149915,A,G,ENST00000298832.9:c.287A>G,ENSP00000298832.9:p.Tyr96Cys,missense_variant,ENSG00000119685
193,14,76149959,C,A,ENST00000298832.9:c.331C>A,ENSP00000298832.9:p.Arg111Ser,missense_variant,ENSG00000119685
194,14,76149960,G,A,ENST00000298832.9:c.332G>A,ENSP00000298832.9:p.Arg111His,missense_variant,ENSG00000119685
195,14,76149963,C,T,ENST00000298832.9:c.335C>T,ENSP00000298832.9:p.Thr112Ile,missense_variant,ENSG00000119685
196,14,76149968,T,C,ENST00000298832.9:c.340T>C,ENSP00000298832.9:p.Ser114Pro,missense_variant,ENSG00000119685
197,14,76149969,C,T,ENST00000298832.9:c.341C>T,ENSP00000298832.9:p.Ser114Phe,missense_variant,ENSG00000119685
198,14,76149982,A,G,ENST00000298832.9:c.354A>G,ENSP00000298832.9:p.Lys118=,synonymous_variant,ENSG00000119685
199,14,76150035,G,C,ENST00000298832.9:c.371+36G>C,,intron_variant,ENSG00000119685
200,14,76150040,A,G,ENST00000298832.9:c.371+41A>G,,intron_variant,ENSG00000119685
201,14,76150047,T,C,ENST00000298832.9:c.371+48T>C,,intron_variant,ENSG00000119685
202,14,76150058,G,A,ENST00000298832.9:c.371+59G>A,,intron_variant,ENSG00000119685
203,14,76156402,C,T,ENST00000298832.9:c.372-133C>T,,intron_variant,ENSG00000119685
204,14,76156403,G,A,ENST00000298832.9:c.372-132G>A,,intron_variant,ENSG00000119685
205,14,76156407,T,C,ENST00000298832.9:c.372-128T>C,,intron_variant,ENSG00000119685
206,14,76156425,A,G,ENST00000298832.9:c.372-110A>G,,intron_variant,ENSG00000119685
207,14,76186011,CAA,C,ENST00000298832.9:c.843-65_843-64del,,intron_variant,ENSG00000119685
208,14,76156437,C,T,ENST00000298832.9:c.372-98C>T,,intron_variant,ENSG00000119685
209,14,76156478,C,G,ENST00000298832.9:c.372-57C>G,,intron_variant,ENSG00000119685
210,14,76156502,T,C,ENST00000298832.9:c.372-33T>C,,intron_variant,ENSG00000119685
211,14,76156540,A,C,ENST00000298832.9:c.377A>C,ENSP00000298832.9:p.Tyr126Ser,missense_variant,ENSG00000119685
212,14,76156563,CT,C,ENST00000298832.9:c.401del,ENSP00000298832.9:p.Leu134ArgfsTer45,frameshift_variant,ENSG00000119685
213,14,76156575,A,G,ENST00000298832.9:c.412A>G,ENSP00000298832.9:p.Ile138Val,missense_variant,ENSG00000119685
214,14,76156609,C,T,ENST00000298832.9:c.446C>T,ENSP00000298832.9:p.Ala149Val,missense_variant,ENSG00000119685
215,14,76156631,C,G,ENST00000298832.9:c.468C>G,ENSP00000298832.9:p.Thr156=,synonymous_variant,ENSG00000119685
216,14,76156653,G,A,ENST00000298832.9:c.490G>A,ENSP00000298832.9:p.Ala164Thr,missense_variant,ENSG00000119685
217,14,76156655,G,A,ENST00000298832.9:c.492G>A,ENSP00000298832.9:p.Ala164=,synonymous_variant,ENSG00000119685
218,14,76156688,C,T,ENST00000298832.9:c.502+23C>T,,intron_variant,ENSG00000119685
219,14,76156693,T,A,ENST00000298832.9:c.502+28T>A,,intron_variant,ENSG00000119685
220,14,76156694,C,G,ENST00000298832.9:c.502+29C>G,,intron_variant,ENSG00000119685
221,14,76156726,C,A,ENST00000298832.9:c.502+61C>A,,intron_variant,ENSG00000119685
222,14,76156731,G,T,ENST00000298832.9:c.502+66G>T,,intron_variant,ENSG00000119685
223,14,76156734,T,G,ENST00000298832.9:c.502+69T>G,,intron_variant,ENSG00000119685
224,14,76156748,A,G,ENST00000298832.9:c.502+83A>G,,intron_variant,ENSG00000119685
225,14,76156778,A,G,ENST00000298832.9:c.502+113A>G,,intron_variant,ENSG00000119685
226,14,76156780,T,G,ENST00000298832.9:c.502+115T>G,,intron_variant,ENSG00000119685
227,14,76156809,G,A,ENST00000298832.9:c.502+144G>A,,intron_variant,ENSG00000119685
228,14,76156813,C,T,ENST00000298832.9:c.502+148C>T,,intron_variant,ENSG00000119685
229,14,76156816,TA,T,ENST00000298832.9:c.502+156del,,intron_variant,ENSG00000119685
230,14,76165448,C,T,ENST00000298832.9:c.503-83C>T,,intron_variant,ENSG00000119685
231,14,76165464,A,G,ENST00000298832.9:c.503-67A>G,,intron_variant,ENSG00000119685
232,14,76165512,C,T,ENST00000298832.9:c.503-19C>T,,intron_variant,ENSG00000119685
233,14,76165541,G,A,ENST00000298832.9:c.513G>A,ENSP00000298832.9:p.Ser171=,synonymous_variant,ENSG00000119685
234,14,76165592,G,A,ENST00000298832.9:c.564G>A,ENSP00000298832.9:p.Arg188=,synonymous_variant,ENSG00000119685
235,14,76165594,G,C,ENST00000298832.9:c.566G>C,ENSP00000298832.9:p.Gly189Ala,missense_variant,ENSG00000119685
236,14,76186054,C,T,ENST00000298832.9:c.843-24C>T,,intron_variant,ENSG00000119685
237,14,76165604,G,T,ENST00000298832.9:c.576G>T,ENSP00000298832.9:p.Leu192=,synonymous_variant,ENSG00000119685
238,14,76165607,C,A,ENST00000298832.9:c.579C>A,ENSP00000298832.9:p.Ile193=,synonymous_variant,ENSG00000119685
239,14,76165640,C,G,ENST00000298832.9:c.585+27C>G,,intron_variant,ENSG00000119685
240,14,76165666,C,A,ENST00000298832.9:c.585+53C>A,,intron_variant,ENSG00000119685
241,14,76165702,A,T,ENST00000298832.9:c.585+89A>T,,intron_variant,ENSG00000119685
242,14,76165705,A,G,ENST00000298832.9:c.585+92A>G,,intron_variant,ENSG00000119685
243,14,76173288,A,C,ENST00000298832.9:c.586-73A>C,,intron_variant,ENSG00000119685
244,14,76173321,G,A,ENST00000298832.9:c.586-40G>A,,intron_variant,ENSG00000119685
245,14,76173357,A,G,ENST00000298832.9:c.586-4A>G,,splice_region_variant,ENSG00000119685
246,14,76173378,G,A,ENST00000298832.9:c.603G>A,ENSP00000298832.9:p.Leu201=,synonymous_variant,ENSG00000119685
247,14,76173384,G,C,ENST00000298832.9:c.609G>C,ENSP00000298832.9:p.Glu203Asp,missense_variant,ENSG00000119685
248,14,76173399,C,A,ENST00000298832.9:c.624C>A,ENSP00000298832.9:p.Ser208=,synonymous_variant,ENSG00000119685
249,14,76173400,C,A,ENST00000298832.9:c.625C>A,ENSP00000298832.9:p.Arg209Ser,missense_variant,ENSG00000119685
250,14,76173479,A,C,ENST00000298832.9:c.655+49A>C,,intron_variant,ENSG00000119685
251,14,76173481,T,A,ENST00000298832.9:c.655+51T>A,,intron_variant,ENSG00000119685
252,14,76173498,G,A,ENST00000298832.9:c.655+68G>A,,intron_variant,ENSG00000119685
253,14,76173500,C,T,ENST00000298832.9:c.655+70C>T,,intron_variant,ENSG00000119685
254,14,76173860,T,A,ENST00000298832.9:c.656-106T>A,,intron_variant,ENSG00000119685
255,14,76173880,C,T,ENST00000298832.9:c.656-86C>T,,intron_variant,ENSG00000119685
256,14,76173883,G,A,ENST00000298832.9:c.656-83G>A,,intron_variant,ENSG00000119685
257,14,76173891,G,A,ENST00000298832.9:c.656-75G>A,,intron_variant,ENSG00000119685
258,14,76173931,G,GT,ENST00000298832.9:c.656-26dup,,intron_variant,ENSG00000119685
259,14,76173931,GT,G,ENST00000298832.9:c.656-26del,,intron_variant,ENSG00000119685
260,14,76173952,CT,C,ENST00000298832.9:c.656-3del,,intron_variant,ENSG00000119685
261,14,76173952,CTTT,CTTTT,ENST00000298832.9:c.656-11_656-10insT,,intron_variant,ENSG00000119685
262,14,76173952,CTTT,C,ENST00000298832.9:c.656-5_656-3del,,intron_variant,ENSG00000119685
263,14,76173952,C,CT,ENST00000298832.9:c.656-3dup,,intron_variant,ENSG00000119685
264,14,76173964,A,T,ENST00000298832.9:c.656-2A>T,,splice_acceptor_variant,ENSG00000119685
265,14,76173965,G,T,ENST00000298832.9:c.656-1G>T,,splice_acceptor_variant,ENSG00000119685
266,14,76186104,A,T,ENST00000298832.9:c.869A>T,ENSP00000298832.9:p.Tyr290Phe,missense_variant,ENSG00000119685
267,14,76173966,A,T,ENST00000298832.9:c.656A>T,ENSP00000298832.9:p.Asp219Val,missense_variant,ENSG00000119685
268,14,76173969,T,C,ENST00000298832.9:c.659T>C,ENSP00000298832.9:p.Phe220Ser,missense_variant,ENSG00000119685
269,14,76173980,G,A,ENST00000298832.9:c.670G>A,ENSP00000298832.9:p.Val224Met,missense_variant,ENSG00000119685
270,14,76174090,A,T,ENST00000298832.9:c.740+40A>T,,intron_variant,ENSG00000119685
271,14,76175547,A,G,ENST00000298832.9:c.740+1497A>G,,intron_variant,ENSG00000119685
272,14,76175550,A,G,ENST00000298832.9:c.740+1500A>G,,intron_variant,ENSG00000119685
273,14,76175565,C,A,ENST00000298832.9:c.740+1515C>A,,intron_variant,ENSG00000119685
274,14,76175594,G,A,ENST00000298832.9:c.740+1544G>A,,intron_variant,ENSG00000119685
275,14,76175621,T,C,ENST00000298832.9:c.740+1571T>C,,intron_variant,ENSG00000119685
276,14,76175628,A,T,ENST00000298832.9:c.740+1578A>T,,intron_variant,ENSG00000119685
277,14,76186842,G,A,ENST00000298832.9:c.935-97G>A,,intron_variant,ENSG00000119685
278,14,76175666,C,A,ENST00000298832.9:c.740+1616C>A,,intron_variant,ENSG00000119685
279,14,76175698,A,G,ENST00000298832.9:c.740+1648A>G,,intron_variant,ENSG00000119685
280,14,76184111,C,G,ENST00000298832.9:c.741-93C>G,,intron_variant,ENSG00000119685
281,14,76184137,C,T,ENST00000298832.9:c.741-67C>T,,intron_variant,ENSG00000119685
282,14,76184151,T,C,ENST00000298832.9:c.741-53T>C,,intron_variant,ENSG00000119685
283,14,76184164,A,T,ENST00000298832.9:c.741-40A>T,,intron_variant,ENSG00000119685
284,14,76184219,A,G,ENST00000298832.9:c.756A>G,ENSP00000298832.9:p.Arg252=,synonymous_variant,ENSG00000119685
285,14,76184244,C,T,ENST00000298832.9:c.781C>T,ENSP00000298832.9:p.Arg261Trp,missense_variant,ENSG00000119685
286,14,76184245,G,A,ENST00000298832.9:c.782G>A,ENSP00000298832.9:p.Arg261Gln,missense_variant,ENSG00000119685
287,14,76184263,T,A,ENST00000298832.9:c.800T>A,ENSP00000298832.9:p.Leu267Gln,missense_variant,ENSG00000119685
288,14,76184275,G,T,ENST00000298832.9:c.812G>T,ENSP00000298832.9:p.Ser271Ile,missense_variant,ENSG00000119685
289,14,76184287,A,G,ENST00000298832.9:c.824A>G,ENSP00000298832.9:p.Lys275Arg,missense_variant,ENSG00000119685
290,14,76184353,T,G,ENST00000298832.9:c.842+48T>G,,intron_variant,ENSG00000119685
291,14,76185972,T,TA,ENST00000298832.9:c.843-96dup,,intron_variant,ENSG00000119685
292,14,76185972,TA,T,ENST00000298832.9:c.843-96del,,intron_variant,ENSG00000119685
293,14,76185989,A,T,ENST00000298832.9:c.843-89A>T,,intron_variant,ENSG00000119685
294,14,76186004,C,G,ENST00000298832.9:c.843-74C>G,,intron_variant,ENSG00000119685
295,14,76186114,A,G,ENST00000298832.9:c.879A>G,ENSP00000298832.9:p.Lys293=,synonymous_variant,ENSG00000119685
296,14,76186165,A,C,ENST00000298832.9:c.930A>C,ENSP00000298832.9:p.Thr310=,synonymous_variant,ENSG00000119685
297,14,76186168,C,T,ENST00000298832.9:c.933C>T,ENSP00000298832.9:p.Thr311=,splice_region_variant,ENSG00000119685
298,14,76186179,G,A,ENST00000298832.9:c.934+10G>A,,intron_variant,ENSG00000119685
299,14,76186197,A,G,ENST00000298832.9:c.934+28A>G,,intron_variant,ENSG00000119685
300,14,76201684,G,A,ENST00000298832.9:c.1281+52G>A,,intron_variant,ENSG00000119685
301,14,76186214,A,G,ENST00000298832.9:c.934+45A>G,,intron_variant,ENSG00000119685
302,14,76186261,A,G,ENST00000298832.9:c.934+92A>G,,intron_variant,ENSG00000119685
303,14,76186274,C,T,ENST00000298832.9:c.934+105C>T,,intron_variant,ENSG00000119685
304,14,76186839,T,A,ENST00000298832.9:c.935-100T>A,,intron_variant,ENSG00000119685
305,14,76186877,A,G,ENST00000298832.9:c.935-62A>G,,intron_variant,ENSG00000119685
306,14,76186906,T,C,ENST00000298832.9:c.935-33T>C,,intron_variant,ENSG00000119685
307,14,76186944,A,G,ENST00000298832.9:c.940A>G,ENSP00000298832.9:p.Met314Val,missense_variant,ENSG00000119685
308,14,76186950,C,T,ENST00000298832.9:c.946C>T,ENSP00000298832.9:p.His316Tyr,missense_variant,ENSG00000119685
309,14,76186955,A,G,ENST00000298832.9:c.951A>G,ENSP00000298832.9:p.Val317=,synonymous_variant,ENSG00000119685
310,14,76186987,C,T,ENST00000298832.9:c.983C>T,ENSP00000298832.9:p.Ala328Val,missense_variant,ENSG00000119685
311,14,76186994,A,G,ENST00000298832.9:c.990A>G,ENSP00000298832.9:p.Leu330=,synonymous_variant,ENSG00000119685
312,14,76187011,G,A,ENST00000298832.9:c.1007G>A,ENSP00000298832.9:p.Cys336Tyr,missense_variant,ENSG00000119685
313,14,76194068,C,T,ENST00000298832.9:c.1043-4613C>T,,intron_variant,ENSG00000119685
314,14,76194077,C,G,ENST00000298832.9:c.1043-4604C>G,,intron_variant,ENSG00000119685
315,14,76194151,G,A,ENST00000298832.9:c.1043-4530G>A,,intron_variant,ENSG00000119685
316,14,76194187,C,T,ENST00000298832.9:c.1043-4494C>T,,intron_variant,ENSG00000119685
317,14,76194188,G,A,ENST00000298832.9:c.1043-4493G>A,,intron_variant,ENSG00000119685
318,14,76194232,G,A,ENST00000298832.9:c.1043-4449G>A,,intron_variant,ENSG00000119685
319,14,76194252,G,A,ENST00000298832.9:c.1043-4429G>A,,intron_variant,ENSG00000119685
320,14,76194289,GGT,G,ENST00000298832.9:c.1043-4391_1043-4390del,,intron_variant,ENSG00000119685
321,14,76194293,AC,A,ENST00000298832.9:c.1043-4387del,,intron_variant,ENSG00000119685
322,14,76194295,ATGGATATGT,A,ENST00000298832.9:c.1043-4385_1043-4377del,,intron_variant,ENSG00000119685
323,14,76198571,C,A,ENST00000298832.9:c.1043-110C>A,,intron_variant,ENSG00000119685
324,14,76198618,A,C,ENST00000298832.9:c.1043-63A>C,,intron_variant,ENSG00000119685
325,14,76198658,A,G,ENST00000298832.9:c.1043-23A>G,,intron_variant,ENSG00000119685
326,14,76198678,T,C,ENST00000298832.9:c.1043-3T>C,,splice_region_variant,ENSG00000119685
327,14,76198698,G,A,ENST00000298832.9:c.1060G>A,ENSP00000298832.9:p.Val354Met,missense_variant,ENSG00000119685
328,14,76198741,A,C,ENST00000298832.9:c.1103A>C,ENSP00000298832.9:p.Asn368Thr,missense_variant,ENSG00000119685
329,14,76198803,G,A,ENST00000298832.9:c.1124+41G>A,,intron_variant,ENSG00000119685
330,14,76198816,CA,C,ENST00000298832.9:c.1124+55del,,intron_variant,ENSG00000119685
331,14,76198817,A,C,ENST00000298832.9:c.1124+55A>C,,intron_variant,ENSG00000119685
332,14,76198818,CT,C,ENST00000298832.9:c.1124+68del,,intron_variant,ENSG00000119685
333,14,76198818,C,CT,ENST00000298832.9:c.1124+68dup,,intron_variant,ENSG00000119685
334,14,76198818,CTT,C,ENST00000298832.9:c.1124+67_1124+68del,,intron_variant,ENSG00000119685
335,14,76198819,T,C,ENST00000298832.9:c.1124+57T>C,,intron_variant,ENSG00000119685
336,14,76219165,C,G,ENST00000298832.9:c.1488-71C>G,,intron_variant,ENSG00000119685
337,14,76198856,CTG,C,ENST00000298832.9:c.1124+96_1124+97del,,intron_variant,ENSG00000119685
338,14,76198858,G,GT,ENST00000298832.9:c.1124+103dup,,intron_variant,ENSG00000119685
339,14,76200236,A,G,ENST00000298832.9:c.1125-96A>G,,intron_variant,ENSG00000119685
340,14,76200265,T,A,ENST00000298832.9:c.1125-67T>A,,intron_variant,ENSG00000119685
341,14,76200273,C,T,ENST00000298832.9:c.1125-59C>T,,intron_variant,ENSG00000119685
342,14,76200276,C,A,ENST00000298832.9:c.1125-56C>A,,intron_variant,ENSG00000119685
343,14,76200295,A,G,ENST00000298832.9:c.1125-37A>G,,intron_variant,ENSG00000119685
344,14,76200306,GC,G,ENST00000298832.9:c.1125-25del,,intron_variant,ENSG00000119685
345,14,76200306,G,GC,ENST00000298832.9:c.1125-25dup,,intron_variant,ENSG00000119685
346,14,76200337,C,T,ENST00000298832.9:c.1130C>T,ENSP00000298832.9:p.Ala377Val,missense_variant,ENSG00000119685
347,14,76200342,C,G,ENST00000298832.9:c.1135C>G,ENSP00000298832.9:p.Leu379Val,missense_variant,ENSG00000119685
348,14,76200407,T,G,ENST00000298832.9:c.1186+14T>G,,intron_variant,ENSG00000119685
349,14,76200411,C,G,ENST00000298832.9:c.1186+18C>G,,intron_variant,ENSG00000119685
350,14,76200438,C,T,ENST00000298832.9:c.1186+45C>T,,intron_variant,ENSG00000119685
351,14,76200439,G,A,ENST00000298832.9:c.1186+46G>A,,intron_variant,ENSG00000119685
352,14,76200452,T,C,ENST00000298832.9:c.1186+59T>C,,intron_variant,ENSG00000119685
353,14,76200463,A,G,ENST00000298832.9:c.1186+70A>G,,intron_variant,ENSG00000119685
354,14,76201462,C,G,ENST00000298832.9:c.1187-76C>G,,intron_variant,ENSG00000119685
355,14,76201482,G,T,ENST00000298832.9:c.1187-56G>T,,intron_variant,ENSG00000119685
356,14,76201487,GC,G,ENST00000298832.9:c.1187-50del,,intron_variant,ENSG00000119685
357,14,76201506,G,T,ENST00000298832.9:c.1187-32G>T,,intron_variant,ENSG00000119685
358,14,76201511,T,G,ENST00000298832.9:c.1187-27T>G,,intron_variant,ENSG00000119685
359,14,76201530,C,T,ENST00000298832.9:c.1187-8C>T,,splice_region_variant,ENSG00000119685
360,14,76201531,C,G,ENST00000298832.9:c.1187-7C>G,,splice_region_variant,ENSG00000119685
361,14,76201577,G,A,ENST00000298832.9:c.1226G>A,ENSP00000298832.9:p.Arg409Gln,missense_variant,ENSG00000119685
362,14,76201606,A,G,ENST00000298832.9:c.1255A>G,ENSP00000298832.9:p.Arg419Gly,missense_variant,ENSG00000119685
363,14,76201609,C,G,ENST00000298832.9:c.1258C>G,ENSP00000298832.9:p.Arg420Gly,missense_variant,ENSG00000119685
364,14,76201620,C,A,ENST00000298832.9:c.1269C>A,ENSP00000298832.9:p.Phe423Leu,missense_variant,ENSG00000119685
365,14,76201641,A,G,ENST00000298832.9:c.1281+9A>G,,intron_variant,ENSG00000119685
366,14,76201650,C,G,ENST00000298832.9:c.1281+18C>G,,intron_variant,ENSG00000119685
367,14,76201683,C,A,ENST00000298832.9:c.1281+51C>A,,intron_variant,ENSG00000119685
368,14,76201708,A,AGCACT,ENST00000298832.9:c.1281+78_1281+82dup,,intron_variant,ENSG00000119685
369,14,76203838,A,C,ENST00000298832.9:c.1281+2206A>C,,intron_variant,ENSG00000119685
370,14,76203909,C,T,ENST00000298832.9:c.1281+2277C>T,,intron_variant,ENSG00000119685
371,14,76203910,G,A,ENST00000298832.9:c.1281+2278G>A,,intron_variant,ENSG00000119685
372,14,76203935,G,A,ENST00000298832.9:c.1281+2303G>A,,intron_variant,ENSG00000119685
373,14,76203988,A,G,ENST00000298832.9:c.1281+2356A>G,,intron_variant,ENSG00000119685
374,14,76203998,T,A,ENST00000298832.9:c.1281+2366T>A,,intron_variant,ENSG00000119685
375,14,76211349,T,A,ENST00000298832.9:c.1282-89T>A,,intron_variant,ENSG00000119685
376,14,76211404,A,T,ENST00000298832.9:c.1282-34A>T,,intron_variant,ENSG00000119685
377,14,76211404,A,AT,ENST00000298832.9:c.1282-26dup,,intron_variant,ENSG00000119685
378,14,76211430,C,T,ENST00000298832.9:c.1282-8C>T,,splice_region_variant,ENSG00000119685
379,14,76211444,C,T,ENST00000298832.9:c.1288C>T,ENSP00000298832.9:p.Arg430Cys,missense_variant,ENSG00000119685
380,14,76211466,C,T,ENST00000298832.9:c.1310C>T,ENSP00000298832.9:p.Ala437Val,missense_variant,ENSG00000119685
381,14,76211482,C,T,ENST00000298832.9:c.1326C>T,ENSP00000298832.9:p.Leu442=,synonymous_variant,ENSG00000119685
382,14,76211483,G,A,ENST00000298832.9:c.1327G>A,ENSP00000298832.9:p.Val443Met,missense_variant,ENSG00000119685
383,14,76211547,A,C,ENST00000298832.9:c.1391A>C,ENSP00000298832.9:p.Glu464Ala,missense_variant,ENSG00000119685
384,14,76211562,G,T,ENST00000298832.9:c.1395+11G>T,,intron_variant,ENSG00000119685
385,14,76211622,A,G,ENST00000298832.9:c.1395+71A>G,,intron_variant,ENSG00000119685
386,14,76211654,A,G,ENST00000298832.9:c.1395+103A>G,,intron_variant,ENSG00000119685
387,14,76211788,C,A,ENST00000298832.9:c.1396-45C>A,,intron_variant,ENSG00000119685
388,14,76211789,C,T,ENST00000298832.9:c.1396-44C>T,,intron_variant,ENSG00000119685
389,14,76211811,T,C,ENST00000298832.9:c.1396-22T>C,,intron_variant,ENSG00000119685
390,14,76211832,G,C,ENST00000298832.9:c.1396-1G>C,,splice_acceptor_variant,ENSG00000119685
391,14,76211846,G,A,ENST00000298832.9:c.1409G>A,ENSP00000298832.9:p.Arg470Gln,missense_variant,ENSG00000119685
392,14,76211938,CT,C,ENST00000298832.9:c.1487+24del,,intron_variant,ENSG00000119685
393,14,76211938,C,CT,ENST00000298832.9:c.1487+24dup,,intron_variant,ENSG00000119685
394,14,76211967,A,G,ENST00000298832.9:c.1487+43A>G,,intron_variant,ENSG00000119685
395,14,76212005,TC,T,ENST00000298832.9:c.1487+87del,,intron_variant,ENSG00000119685
396,14,76212005,TC,TCC,ENST00000298832.9:c.1487+82dup,,intron_variant,ENSG00000119685
397,14,76212006,C,A,ENST00000298832.9:c.1487+82C>A,,intron_variant,ENSG00000119685
398,14,76219133,TA,T,ENST00000298832.9:c.1488-102del,,intron_variant,ENSG00000119685
399,14,76219146,G,T,ENST00000298832.9:c.1488-90G>T,,intron_variant,ENSG00000119685
400,14,76219268,A,G,ENST00000298832.9:c.1520A>G,ENSP00000298832.9:p.Tyr507Cys,missense_variant,ENSG00000119685
401,14,76219271,T,C,ENST00000298832.9:c.1523T>C,ENSP00000298832.9:p.Met508Thr,missense_variant,ENSG00000119685
402,14,76219282,C,T,ENST00000298832.9:c.1534C>T,ENSP00000298832.9:p.Arg512Cys,missense_variant,ENSG00000119685
403,14,76219283,G,T,ENST00000298832.9:c.1535G>T,ENSP00000298832.9:p.Arg512Leu,missense_variant,ENSG00000119685
404,14,76219295,AC,A,ENST00000298832.9:c.1548del,ENSP00000298832.9:p.Asp516GlufsTer3,frameshift_variant,ENSG00000119685
405,14,76224067,A,T,ENST00000298832.9:c.1550+4769A>T,,intron_variant,ENSG00000119685
406,14,76224111,T,G,ENST00000298832.9:c.1550+4813T>G,,intron_variant,ENSG00000119685
407,14,76224150,C,T,ENST00000298832.9:c.1550+4852C>T,,intron_variant,ENSG00000119685
408,14,76224153,T,A,ENST00000298832.9:c.1550+4855T>A,,intron_variant,ENSG00000119685
409,14,76224211,C,T,ENST00000298832.9:c.1550+4913C>T,,intron_variant,ENSG00000119685
410,14,76224212,G,A,ENST00000298832.9:c.1550+4914G>A,,intron_variant,ENSG00000119685
411,14,76224282,T,A,ENST00000298832.9:c.1550+4984T>A,,intron_variant,ENSG00000119685
412,14,76230831,A,G,ENST00000298832.9:c.1551-127A>G,,intron_variant,ENSG00000119685
413,14,76230858,T,C,ENST00000298832.9:c.1551-100T>C,,intron_variant,ENSG00000119685
414,14,76230880,G,C,ENST00000298832.9:c.1551-78G>C,,intron_variant,ENSG00000119685
415,14,76230911,G,A,ENST00000298832.9:c.1551-47G>A,,intron_variant,ENSG00000119685
416,14,76230934,G,C,ENST00000298832.9:c.1551-24G>C,,intron_variant,ENSG00000119685
417,14,76230976,G,A,ENST00000298832.9:c.1569G>A,ENSP00000298832.9:p.Ala523=,synonymous_variant,ENSG00000119685
418,14,76230983,T,C,ENST00000298832.9:c.1576T>C,ENSP00000298832.9:p.Leu526=,synonymous_variant,ENSG00000119685
419,14,76230990,TAGAG,T,ENST00000298832.9:c.1586_1589del,ENSP00000298832.9:p.Glu529ValfsTer2,frameshift_variant,ENSG00000119685
420,14,76231007,A,G,ENST00000298832.9:c.1600A>G,ENSP00000298832.9:p.Lys534Glu,missense_variant,ENSG00000119685
421,14,76231026,C,T,ENST00000298832.9:c.1619C>T,ENSP00000298832.9:p.Ala540Val,missense_variant,ENSG00000119685
422,14,76231027,A,G,ENST00000298832.9:c.1620A>G,ENSP00000298832.9:p.Ala540=,synonymous_variant,ENSG00000119685
423,14,76231031,T,C,ENST00000298832.9:c.1624T>C,ENSP00000298832.9:p.Tyr542His,missense_variant,ENSG00000119685
424,14,76231034,G,A,ENST00000298832.9:c.1627G>A,ENSP00000298832.9:p.Glu543Lys,missense_variant,ENSG00000119685
425,14,76231034,G,T,ENST00000298832.9:c.1627G>T,ENSP00000298832.9:p.Glu543Ter,stop_gained,ENSG00000119685
426,14,76231061,C,T,ENST00000298832.9:c.1654C>T,ENSP00000298832.9:p.Arg552Ter,stop_gained,ENSG00000119685
427,14,76231067,C,T,ENST00000298832.9:c.1660C>T,ENSP00000298832.9:p.Arg554Cys,missense_variant,ENSG00000119685
428,14,76231076,C,T,ENST00000298832.9:c.1669C>T,ENSP00000298832.9:p.Arg557Trp,missense_variant,ENSG00000119685
429,14,76231087,A,C,ENST00000298832.9:c.1680A>C,ENSP00000298832.9:p.Arg560Ser,missense_variant,ENSG00000119685
430,14,76231092,G,A,ENST00000298832.9:c.1685G>A,ENSP00000298832.9:p.Arg562Lys,missense_variant,ENSG00000119685
431,14,76231122,G,A,ENST00000298832.9:c.1708+7G>A,,splice_region_variant,ENSG00000119685
432,14,76231164,G,C,ENST00000298832.9:c.1708+49G>C,,intron_variant,ENSG00000119685
433,14,76231236,A,G,ENST00000298832.9:c.1708+121A>G,,intron_variant,ENSG00000119685
434,14,76232255,T,G,ENST00000298832.9:c.1709-150T>G,,intron_variant,ENSG00000119685
435,14,76232374,T,A,ENST00000298832.9:c.1709-31T>A,,intron_variant,ENSG00000119685
436,14,76232396,C,T,ENST00000298832.9:c.1709-9C>T,,intron_variant,ENSG00000119685
437,14,76232398,T,C,ENST00000298832.9:c.1709-7T>C,,splice_region_variant,ENSG00000119685
438,14,76232412,C,T,ENST00000298832.9:c.1716C>T,ENSP00000298832.9:p.Thr572=,synonymous_variant,ENSG00000119685
439,14,76232423,AAATG,A,ENST00000298832.9:c.1732_1735del,ENSP00000298832.9:p.Asn578LeufsTer15,frameshift_variant,ENSG00000119685
440,14,76232469,C,A,ENST00000298832.9:c.1773C>A,ENSP00000298832.9:p.Val591=,synonymous_variant,ENSG00000119685
441,14,76232469,C,T,ENST00000298832.9:c.1773C>T,ENSP00000298832.9:p.Val591=,synonymous_variant,ENSG00000119685
442,14,76232470,G,A,ENST00000298832.9:c.1774G>A,ENSP00000298832.9:p.Ala592Thr,missense_variant,ENSG00000119685
443,14,76232477,A,G,ENST00000298832.9:c.1781A>G,ENSP00000298832.9:p.Asp594Gly,missense_variant,ENSG00000119685
444,14,76232486,A,G,ENST00000298832.9:c.1790A>G,ENSP00000298832.9:p.Asp597Gly,missense_variant,ENSG00000119685
445,14,76232521,GGATTTCTTA,G,ENST00000298832.9:c.1828_1836del,ENSP00000298832.9:p.Phe610_Arg612del,inframe_deletion,ENSG00000119685
446,14,76232593,A,G,ENST00000298832.9:c.1897A>G,ENSP00000298832.9:p.Asn633Asp,missense_variant,ENSG00000119685
447,14,76232602,A,G,ENST00000298832.9:c.1906A>G,ENSP00000298832.9:p.Lys636Glu,missense_variant,ENSG00000119685
448,14,76232608,C,T,ENST00000298832.9:c.1912C>T,ENSP00000298832.9:p.Arg638Cys,missense_variant,ENSG00000119685
449,14,76232612,A,G,ENST00000298832.9:c.1916A>G,ENSP00000298832.9:p.Glu639Gly,missense_variant,ENSG00000119685
450,14,76232659,C,T,ENST00000298832.9:c.1963C>T,ENSP00000298832.9:p.Leu655=,synonymous_variant,ENSG00000119685
451,14,76232760,G,A,ENST00000298832.9:c.2015+49G>A,,intron_variant,ENSG00000119685
452,14,76237917,G,A,ENST00000298832.9:c.2016-160G>A,,intron_variant,ENSG00000119685
453,14,76238003,G,A,ENST00000298832.9:c.2016-74G>A,,intron_variant,ENSG00000119685
454,14,76238012,C,A,ENST00000298832.9:c.2016-65C>A,,intron_variant,ENSG00000119685
455,14,76238073,A,G,ENST00000298832.9:c.2016-4A>G,,splice_region_variant,ENSG00000119685
456,14,76238113,C,T,ENST00000298832.9:c.2052C>T,ENSP00000298832.9:p.Leu684=,synonymous_variant,ENSG00000119685
457,14,76238118,A,G,ENST00000298832.9:c.2057A>G,ENSP00000298832.9:p.His686Arg,missense_variant,ENSG00000119685
458,14,76238149,C,T,ENST00000298832.9:c.2088C>T,ENSP00000298832.9:p.Gly696=,synonymous_variant,ENSG00000119685
459,14,76238150,G,A,ENST00000298832.9:c.2089G>A,ENSP00000298832.9:p.Gly697Ser,missense_variant,ENSG00000119685
460,14,76238183,G,GATGC,ENST00000298832.9:c.2123_2124insTGCA,ENSP00000298832.9:p.Glu708AspfsTer4,frameshift_variant,ENSG00000119685
461,14,76238186,G,GCCCGAATAGC,ENST00000298832.9:c.2125_2126insCCCGAATAGC,ENSP00000298832.9:p.Asp709AlafsTer5,frameshift_variant,ENSG00000119685
462,14,76238192,C,CAGAT,ENST00000298832.9:c.2132_2135dup,ENSP00000298832.9:p.Met712IlefsTer15,frameshift_variant,ENSG00000119685
463,14,76238203,G,C,ENST00000298832.9:c.2136+6G>C,,splice_region_variant,ENSG00000119685
464,14,76238204,C,G,ENST00000298832.9:c.2136+7C>G,,splice_region_variant,ENSG00000119685
465,14,76238213,C,G,ENST00000298832.9:c.2136+16C>G,,intron_variant,ENSG00000119685
466,14,76238226,A,T,ENST00000298832.9:c.2136+29A>T,,intron_variant,ENSG00000119685
467,14,76238227,C,T,ENST00000298832.9:c.2136+30C>T,,intron_variant,ENSG00000119685
468,14,76238234,T,G,ENST00000298832.9:c.2136+37T>G,,intron_variant,ENSG00000119685
469,14,76238235,TTTTC,T,ENST00000298832.9:c.2136+45_2136+48del,,intron_variant,ENSG00000119685
470,14,76238238,TC,T,ENST00000298832.9:c.2136+42del,,intron_variant,ENSG00000119685
471,14,76238239,C,T,ENST00000298832.9:c.2136+42C>T,,intron_variant,ENSG00000119685
472,14,76238243,C,T,ENST00000298832.9:c.2136+46C>T,,intron_variant,ENSG00000119685
473,14,76238246,C,T,ENST00000298832.9:c.2136+49C>T,,intron_variant,ENSG00000119685
474,14,76238250,C,T,ENST00000298832.9:c.2136+53C>T,,intron_variant,ENSG00000119685
475,14,76238252,G,T,ENST00000298832.9:c.2136+55G>T,,intron_variant,ENSG00000119685
476,14,76238253,TA,T,ENST00000298832.9:c.2136+57del,,intron_variant,ENSG00000119685
477,14,76238254,A,T,ENST00000298832.9:c.2136+57A>T,,intron_variant,ENSG00000119685
478,14,76238254,AT,A,ENST00000298832.9:c.2136+72del,,intron_variant,ENSG00000119685
479,14,76238254,A,AT,ENST00000298832.9:c.2136+72dup,,intron_variant,ENSG00000119685
480,14,76238254,ATTT,AT,ENST00000298832.9:c.2136+59_2136+60del,,intron_variant,ENSG00000119685
481,14,76238254,ATTT,A,ENST00000298832.9:c.2136+70_2136+72del,,intron_variant,ENSG00000119685
482,14,76238254,ATT,A,ENST00000298832.9:c.2136+71_2136+72del,,intron_variant,ENSG00000119685
483,14,76238256,T,A,ENST00000298832.9:c.2136+59T>A,,intron_variant,ENSG00000119685
484,14,76238269,T,C,ENST00000298832.9:c.2136+72T>C,,intron_variant,ENSG00000119685
485,14,76238271,C,T,ENST00000298832.9:c.2136+74C>T,,intron_variant,ENSG00000119685
486,14,76238273,A,T,ENST00000298832.9:c.2136+76A>T,,intron_variant,ENSG00000119685
487,14,76238287,C,T,ENST00000298832.9:c.2136+90C>T,,intron_variant,ENSG00000119685
488,14,76238288,G,A,ENST00000298832.9:c.2136+91G>A,,intron_variant,ENSG00000119685
489,14,76241653,G,T,ENST00000298832.9:c.2137-174G>T,,intron_variant,ENSG00000119685
490,14,76241658,G,T,ENST00000298832.9:c.2137-169G>T,,intron_variant,ENSG00000119685
491,14,76241699,G,GT,ENST00000298832.9:c.2137-127dup,,intron_variant,ENSG00000119685
492,14,76241733,T,C,ENST00000298832.9:c.2137-94T>C,,intron_variant,ENSG00000119685
493,14,76241780,A,G,ENST00000298832.9:c.2137-47A>G,,intron_variant,ENSG00000119685
494,14,76241793,CT,C,ENST00000298832.9:c.2137-25del,,intron_variant,ENSG00000119685
495,14,76241810,G,A,ENST00000298832.9:c.2137-17G>A,,intron_variant,ENSG00000119685
496,14,76241815,T,C,ENST00000298832.9:c.2137-12T>C,,intron_variant,ENSG00000119685
497,14,76241840,G,A,ENST00000298832.9:c.2150G>A,ENSP00000298832.9:p.Arg717His,missense_variant,ENSG00000119685
498,14,76241852,G,A,ENST00000298832.9:c.2162G>A,ENSP00000298832.9:p.Arg721Gln,missense_variant,ENSG00000119685
499,14,76241889,A,G,ENST00000298832.9:c.2199A>G,ENSP00000298832.9:p.Val733=,synonymous_variant,ENSG00000119685
500,14,76241922,C,T,ENST00000298832.9:c.2232C>T,ENSP00000298832.9:p.Arg744=,synonymous_variant,ENSG00000119685
501,14,76241950,G,C,ENST00000298832.9:c.2260G>C,ENSP00000298832.9:p.Asp754His,missense_variant,ENSG00000119685
502,14,76241952,C,T,ENST00000298832.9:c.2262C>T,ENSP00000298832.9:p.Asp754=,synonymous_variant,ENSG00000119685
503,14,76241997,G,T,ENST00000298832.9:c.2283+24G>T,,intron_variant,ENSG00000119685
504,14,76242014,A,G,ENST00000298832.9:c.2283+41A>G,,intron_variant,ENSG00000119685
505,14,76242041,GC,G,ENST00000298832.9:c.2283+70del,,intron_variant,ENSG00000119685
506,14,76242043,C,T,ENST00000298832.9:c.2283+70C>T,,intron_variant,ENSG00000119685
507,14,76242066,CTCT,C,ENST00000298832.9:c.2283+100_2283+102del,,intron_variant,ENSG00000119685
508,14,76242089,A,T,ENST00000298832.9:c.2283+116A>T,,intron_variant,ENSG00000119685
509,14,76243026,G,A,ENST00000298832.9:c.2284-64G>A,,intron_variant,ENSG00000119685
510,14,76243044,T,G,ENST00000298832.9:c.2284-46T>G,,intron_variant,ENSG00000119685
511,14,76243054,CTTG,C,ENST00000298832.9:c.2284-30_2284-28del,,intron_variant,ENSG00000119685
512,14,76243163,A,T,ENST00000298832.9:c.2357A>T,ENSP00000298832.9:p.Glu786Val,missense_variant,ENSG00000119685
513,14,76243204,T,A,ENST00000298832.9:c.2387+11T>A,,intron_variant,ENSG00000119685
514,14,76243209,G,A,ENST00000298832.9:c.2387+16G>A,,intron_variant,ENSG00000119685
515,14,76243246,C,G,ENST00000298832.9:c.2387+53C>G,,intron_variant,ENSG00000119685
516,14,76243254,G,A,ENST00000298832.9:c.2387+61G>A,,intron_variant,ENSG00000119685
517,14,76245803,G,C,ENST00000298832.9:c.2388-115G>C,,intron_variant,ENSG00000119685
518,14,76245876,G,C,ENST00000298832.9:c.2388-42G>C,,intron_variant,ENSG00000119685
519,14,76245906,T,C,ENST00000298832.9:c.2388-12T>C,,intron_variant,ENSG00000119685
520,14,76245950,A,C,ENST00000298832.9:c.2420A>C,ENSP00000298832.9:p.Tyr807Ser,missense_variant,ENSG00000119685
521,14,76245969,T,G,ENST00000298832.9:c.2439T>G,ENSP00000298832.9:p.Ser813=,synonymous_variant,ENSG00000119685
522,14,76245973,A,T,ENST00000298832.9:c.2443A>T,ENSP00000298832.9:p.Ser815Cys,missense_variant,ENSG00000119685
523,14,76245982,C,T,ENST00000298832.9:c.2452C>T,ENSP00000298832.9:p.Leu818=,synonymous_variant,ENSG00000119685
524,14,76245987,G,A,ENST00000298832.9:c.2457G>A,ENSP00000298832.9:p.Gly819=,synonymous_variant,ENSG00000119685
525,14,76245998,A,C,ENST00000298832.9:c.2468A>C,ENSP00000298832.9:p.Lys823Thr,missense_variant,ENSG00000119685
526,14,76246028,A,T,ENST00000298832.9:c.2498A>T,ENSP00000298832.9:p.Asp833Val,missense_variant,ENSG00000119685
527,14,76246052,A,G,ENST00000298832.9:c.2515+7A>G,,splice_region_variant,ENSG00000119685
528,14,76246120,A,G,ENST00000298832.9:c.2515+75A>G,,intron_variant,ENSG00000119685
529,14,76246142,A,G,ENST00000298832.9:c.2515+97A>G,,intron_variant,ENSG00000119685
530,14,76246172,T,A,ENST00000298832.9:c.2515+127T>A,,intron_variant,ENSG00000119685
531,14,76246179,G,T,ENST00000298832.9:c.2515+134G>T,,intron_variant,ENSG00000119685
532,14,76248725,C,T,ENST00000298832.9:c.2516-105C>T,,intron_variant,ENSG00000119685
533,14,76248769,A,G,ENST00000298832.9:c.2516-61A>G,,intron_variant,ENSG00000119685
534,14,76248779,G,A,ENST00000298832.9:c.2516-51G>A,,intron_variant,ENSG00000119685
535,14,76248788,A,G,ENST00000298832.9:c.2516-42A>G,,intron_variant,ENSG00000119685
536,14,76248794,T,C,ENST00000298832.9:c.2516-36T>C,,intron_variant,ENSG00000119685
537,14,76248800,A,G,ENST00000298832.9:c.2516-30A>G,,intron_variant,ENSG00000119685
538,14,76248845,T,G,ENST00000298832.9:c.2531T>G,ENSP00000298832.9:p.Ile844Arg,missense_variant,ENSG00000119685
539,14,76248850,G,A,ENST00000298832.9:c.2536G>A,ENSP00000298832.9:p.Glu846Lys,missense_variant,ENSG00000119685
540,14,76248902,C,T,ENST00000298832.9:c.2588C>T,ENSP00000298832.9:p.Ser863Phe,missense_variant,ENSG00000119685
541,14,76248955,G,A,ENST00000298832.9:c.2602+39G>A,,intron_variant,ENSG00000119685
542,14,76248971,A,C,ENST00000298832.9:c.2602+55A>C,,intron_variant,ENSG00000119685
543,14,76249003,A,G,ENST00000298832.9:c.2602+87A>G,,intron_variant,ENSG00000119685
544,14,76249012,A,C,ENST00000298832.9:c.2602+96A>C,,intron_variant,ENSG00000119685
545,14,76249419,A,G,ENST00000298832.9:c.2603-71A>G,,intron_variant,ENSG00000119685
546,14,76249433,G,A,ENST00000298832.9:c.2603-57G>A,,intron_variant,ENSG00000119685
547,14,76249437,T,G,ENST00000298832.9:c.2603-53T>G,,intron_variant,ENSG00000119685
548,14,76249441,ATGTT,A,ENST00000298832.9:c.2603-43_2603-40del,,intron_variant,ENSG00000119685
549,14,76249456,A,G,ENST00000298832.9:c.2603-34A>G,,intron_variant,ENSG00000119685
550,14,76249464,G,A,ENST00000298832.9:c.2603-26G>A,,intron_variant,ENSG00000119685
551,14,76249474,G,C,ENST00000298832.9:c.2603-16G>C,,intron_variant,ENSG00000119685
552,14,76249486,A,G,ENST00000298832.9:c.2603-4A>G,,splice_region_variant,ENSG00000119685
553,14,76249487,T,C,ENST00000298832.9:c.2603-3T>C,,splice_region_variant,ENSG00000119685
554,14,76249513,G,C,ENST00000298832.9:c.2626G>C,ENSP00000298832.9:p.Glu876Gln,missense_variant,ENSG00000119685
555,14,76249516,G,A,ENST00000298832.9:c.2629G>A,ENSP00000298832.9:p.Ala877Thr,missense_variant,ENSG00000119685
556,14,76249524,A,C,ENST00000298832.9:c.2637A>C,ENSP00000298832.9:p.Leu879Phe,missense_variant,ENSG00000119685
557,14,76249525,G,T,ENST00000298832.9:c.2638G>T,ENSP00000298832.9:p.Val880Phe,missense_variant,ENSG00000119685
558,14,76249535,A,G,ENST00000298832.9:c.2648A>G,ENSP00000298832.9:p.Asn883Ser,missense_variant,ENSG00000119685
559,14,76249629,C,T,ENST00000298832.9:c.2742C>T,ENSP00000298832.9:p.His914=,synonymous_variant,ENSG00000119685
560,14,76249643,C,T,ENST00000298832.9:c.2756C>T,ENSP00000298832.9:p.Ser919Phe,missense_variant,ENSG00000119685
561,14,76249647,A,T,ENST00000298832.9:c.2760A>T,ENSP00000298832.9:p.Gln920His,missense_variant,ENSG00000119685
562,14,76249656,A,G,ENST00000298832.9:c.2769A>G,ENSP00000298832.9:p.Ser923=,synonymous_variant,ENSG00000119685
563,14,76249665,C,A,ENST00000298832.9:c.2778C>A,ENSP00000298832.9:p.Pro926=,synonymous_variant,ENSG00000119685
564,14,76249687,A,G,ENST00000298832.9:c.2800A>G,ENSP00000298832.9:p.Ile934Val,missense_variant,ENSG00000119685
565,14,76249696,AAC,A,ENST00000298832.9:c.2813_2814del,ENSP00000298832.9:p.Thr938SerfsTer46,frameshift_variant,ENSG00000119685
566,14,76249734,C,T,ENST00000298832.9:c.2847C>T,ENSP00000298832.9:p.Pro949=,synonymous_variant,ENSG00000119685
567,14,76249759,A,G,ENST00000298832.9:c.2872A>G,ENSP00000298832.9:p.Thr958Ala,missense_variant,ENSG00000119685
568,14,76249772,G,T,ENST00000298832.9:c.2885G>T,ENSP00000298832.9:p.Arg962Leu,missense_variant,ENSG00000119685
569,14,76249778,G,A,ENST00000298832.9:c.2891G>A,ENSP00000298832.9:p.Arg964Gln,missense_variant,ENSG00000119685
570,14,76249787,G,T,ENST00000298832.9:c.2900G>T,ENSP00000298832.9:p.Ser967Ile,missense_variant,ENSG00000119685
571,14,76249817,A,G,ENST00000298832.9:c.2930A>G,ENSP00000298832.9:p.Gln977Arg,missense_variant,ENSG00000119685
572,14,76249837,A,T,ENST00000298832.9:c.2950A>T,ENSP00000298832.9:p.Ser984Cys,missense_variant,ENSG00000119685
573,14,76249850,C,T,ENST00000298832.9:c.2963C>T,ENSP00000298832.9:p.Ser988Phe,missense_variant,ENSG00000119685
574,14,76249852,C,T,ENST00000298832.9:c.2965C>T,ENSP00000298832.9:p.Arg989Cys,missense_variant,ENSG00000119685
575,14,76249853,G,A,ENST00000298832.9:c.2966G>A,ENSP00000298832.9:p.Arg989His,missense_variant,ENSG00000119685
576,14,76329962,G,T,ENST00000298832.9:c.3327-48G>T,,intron_variant,ENSG00000119685
577,14,76249857,C,G,ENST00000298832.9:c.2970C>G,ENSP00000298832.9:p.Pro990=,synonymous_variant,ENSG00000119685
578,14,76249881,A,G,ENST00000298832.9:c.2986+8A>G,,splice_region_variant,ENSG00000119685
579,14,76249901,C,T,ENST00000298832.9:c.2986+28C>T,,intron_variant,ENSG00000119685
580,14,76249917,C,T,ENST00000298832.9:c.2986+44C>T,,intron_variant,ENSG00000119685
581,14,76249931,G,A,ENST00000298832.9:c.2986+58G>A,,intron_variant,ENSG00000119685
582,14,76249955,G,A,ENST00000298832.9:c.2986+82G>A,,intron_variant,ENSG00000119685
583,14,76353131,A,C,ENST00000298832.9:c.3740+3886A>C,,intron_variant,ENSG00000119685
584,14,76249979,A,G,ENST00000298832.9:c.2986+106A>G,,intron_variant,ENSG00000119685
585,14,76249989,A,G,ENST00000298832.9:c.2986+116A>G,,intron_variant,ENSG00000119685
586,14,76250001,T,A,ENST00000298832.9:c.2986+128T>A,,intron_variant,ENSG00000119685
587,14,76250002,C,T,ENST00000298832.9:c.2986+129C>T,,intron_variant,ENSG00000119685
588,14,76250006,C,T,ENST00000298832.9:c.2986+133C>T,,intron_variant,ENSG00000119685
589,14,76259127,T,G,ENST00000298832.9:c.2987-132T>G,,intron_variant,ENSG00000119685
590,14,76259194,A,G,ENST00000298832.9:c.2987-65A>G,,intron_variant,ENSG00000119685
591,14,76259263,G,A,ENST00000298832.9:c.2991G>A,ENSP00000298832.9:p.Ser997=,synonymous_variant,ENSG00000119685
592,14,76259370,T,G,ENST00000298832.9:c.3098T>G,ENSP00000298832.9:p.Leu1033Arg,missense_variant,ENSG00000119685
593,14,76259389,G,A,ENST00000298832.9:c.3117G>A,ENSP00000298832.9:p.Lys1039=,synonymous_variant,ENSG00000119685
594,14,76259414,T,C,ENST00000298832.9:c.3142T>C,ENSP00000298832.9:p.Ser1048Pro,missense_variant,ENSG00000119685
595,14,76259417,A,G,ENST00000298832.9:c.3145A>G,ENSP00000298832.9:p.Ser1049Gly,missense_variant,ENSG00000119685
596,14,76259426,A,C,ENST00000298832.9:c.3154A>C,ENSP00000298832.9:p.Asn1052His,missense_variant,ENSG00000119685
597,14,76259434,C,G,ENST00000298832.9:c.3162C>G,ENSP00000298832.9:p.Leu1054=,synonymous_variant,ENSG00000119685
598,14,76259443,G,T,ENST00000298832.9:c.3171G>T,ENSP00000298832.9:p.Gln1057His,missense_variant,ENSG00000119685
599,14,76259454,T,G,ENST00000298832.9:c.3171+11T>G,,intron_variant,ENSG00000119685
600,14,76259461,T,G,ENST00000298832.9:c.3171+18T>G,,intron_variant,ENSG00000119685
601,14,76259467,A,G,ENST00000298832.9:c.3171+24A>G,,intron_variant,ENSG00000119685
602,14,76259489,A,G,ENST00000298832.9:c.3171+46A>G,,intron_variant,ENSG00000119685
603,14,76259498,G,C,ENST00000298832.9:c.3171+55G>C,,intron_variant,ENSG00000119685
604,14,76286476,G,A,ENST00000298832.9:c.3298G>A,ENSP00000298832.9:p.Glu1100Lys,missense_variant,ENSG00000119685
605,14,76286484,C,T,ENST00000298832.9:c.3306C>T,ENSP00000298832.9:p.His1102=,synonymous_variant,ENSG00000119685
606,14,76286498,G,A,ENST00000298832.9:c.3320G>A,ENSP00000298832.9:p.Gly1107Glu,missense_variant,ENSG00000119685
607,14,76329867,G,C,ENST00000298832.9:c.3327-143G>C,,intron_variant,ENSG00000119685
608,14,76329876,T,C,ENST00000298832.9:c.3327-134T>C,,intron_variant,ENSG00000119685
609,14,76329994,T,C,ENST00000298832.9:c.3327-16T>C,,intron_variant,ENSG00000119685
610,14,76330003,T,C,ENST00000298832.9:c.3327-7T>C,,splice_region_variant,ENSG00000119685
611,14,76330014,C,T,ENST00000298832.9:c.3331C>T,ENSP00000298832.9:p.Leu1111=,synonymous_variant,ENSG00000119685
612,14,76330021,CAG,C,ENST00000298832.9:c.3339_3340del,ENSP00000298832.9:p.Gly1115IlefsTer41,frameshift_variant,ENSG00000119685
613,14,76330037,G,A,ENST00000298832.9:c.3354G>A,ENSP00000298832.9:p.Trp1118Ter,stop_gained,ENSG00000119685
614,14,76330078,G,A,ENST00000298832.9:c.3395G>A,ENSP00000298832.9:p.Gly1132Glu,missense_variant,ENSG00000119685
615,14,76330120,A,G,ENST00000298832.9:c.3437A>G,ENSP00000298832.9:p.Tyr1146Cys,missense_variant,ENSG00000119685
616,14,76330130,A,G,ENST00000298832.9:c.3447A>G,ENSP00000298832.9:p.Gln1149=,synonymous_variant,ENSG00000119685
617,14,76330140,C,T,ENST00000298832.9:c.3457C>T,ENSP00000298832.9:p.Gln1153Ter,stop_gained,ENSG00000119685
618,14,76330181,G,A,ENST00000298832.9:c.3498G>A,ENSP00000298832.9:p.Leu1166=,synonymous_variant,ENSG00000119685
619,14,76330254,TAAAAAA,TAAAAAAAAAAA,ENST00000298832.9:c.3522+55_3522+56insAAAAA,,intron_variant,ENSG00000119685
620,14,76330254,TAAAAAA,T,ENST00000298832.9:c.3522+67_3522+72del,,intron_variant,ENSG00000119685
621,14,76330254,T,TAAAAAAAA,ENST00000298832.9:c.3522+65_3522+72dup,,intron_variant,ENSG00000119685
622,14,76330254,T,TAAAAAAA,ENST00000298832.9:c.3522+66_3522+72dup,,intron_variant,ENSG00000119685
623,14,76330254,T,TAAAAAA,ENST00000298832.9:c.3522+67_3522+72dup,,intron_variant,ENSG00000119685
624,14,76330254,T,TAAAAAAAAAA,ENST00000298832.9:c.3522+63_3522+72dup,,intron_variant,ENSG00000119685
625,14,76330254,T,TAAAAAAAAA,ENST00000298832.9:c.3522+64_3522+72dup,,intron_variant,ENSG00000119685
626,14,76330255,A,T,ENST00000298832.9:c.3522+50A>T,,intron_variant,ENSG00000119685
627,14,76330268,A,AG,ENST00000298832.9:c.3522+63_3522+64insG,,intron_variant,ENSG00000119685
628,14,76330269,A,AAAAAAAAG,ENST00000298832.9:c.3522+71_3522+72insGAAAAAAA,,intron_variant,ENSG00000119685
629,14,76330269,A,AAAAAG,ENST00000298832.9:c.3522+68_3522+69insGAAAA,,intron_variant,ENSG00000119685
630,14,76330269,A,AAAAAAG,ENST00000298832.9:c.3522+69_3522+70insGAAAAA,,intron_variant,ENSG00000119685
631,14,76330269,A,AAAAAAAAAAG,ENST00000298832.9:c.3522+72_3522+73insAGAAAAAAAA,,intron_variant,ENSG00000119685
632,14,76330269,A,AAAAAAAG,ENST00000298832.9:c.3522+70_3522+71insGAAAAAA,,intron_variant,ENSG00000119685
633,14,76330277,AGGTCAGTG,A,ENST00000298832.9:c.3522+73_3522+80del,,intron_variant,ENSG00000119685
634,14,76330277,AG,A,ENST00000298832.9:c.3522+74del,,intron_variant,ENSG00000119685
635,14,76330278,G,A,ENST00000298832.9:c.3522+73G>A,,intron_variant,ENSG00000119685
636,14,76330278,G,GAAAAAAAA,ENST00000298832.9:c.3522+73_3522+74insAAAAAAAA,,intron_variant,ENSG00000119685
637,14,76330279,G,A,ENST00000298832.9:c.3522+74G>A,,intron_variant,ENSG00000119685
638,14,76330279,G,GA,ENST00000298832.9:c.3522+74_3522+75insA,,intron_variant,ENSG00000119685
639,14,76330287,ATGAG,A,ENST00000298832.9:c.3522+83_3522+86del,,intron_variant,ENSG00000119685
640,14,76330288,T,A,ENST00000298832.9:c.3522+83T>A,,intron_variant,ENSG00000119685
641,14,76330289,G,A,ENST00000298832.9:c.3522+84G>A,,intron_variant,ENSG00000119685
642,14,76330291,G,A,ENST00000298832.9:c.3522+86G>A,,intron_variant,ENSG00000119685
643,14,76330299,G,A,ENST00000298832.9:c.3522+94G>A,,intron_variant,ENSG00000119685
644,14,76348994,T,C,ENST00000298832.9:c.3523-34T>C,,intron_variant,ENSG00000119685
645,14,76349013,CT,C,ENST00000298832.9:c.3523-5del,,intron_variant,ENSG00000119685
646,14,76349013,C,CT,ENST00000298832.9:c.3523-5dup,,intron_variant,ENSG00000119685
647,14,76349024,G,T,ENST00000298832.9:c.3523-4G>T,,splice_region_variant,ENSG00000119685
648,14,76349049,C,T,ENST00000298832.9:c.3544C>T,ENSP00000298832.9:p.Leu1182=,synonymous_variant,ENSG00000119685
649,14,76349073,A,G,ENST00000298832.9:c.3568A>G,ENSP00000298832.9:p.Met1190Val,missense_variant,ENSG00000119685
650,14,76349101,C,G,ENST00000298832.9:c.3596C>G,ENSP00000298832.9:p.Ser1199Cys,missense_variant,ENSG00000119685
651,14,76349172,G,T,ENST00000298832.9:c.3667G>T,ENSP00000298832.9:p.Ala1223Ser,missense_variant,ENSG00000119685
652,14,76349181,G,A,ENST00000298832.9:c.3676G>A,ENSP00000298832.9:p.Val1226Ile,missense_variant,ENSG00000119685
653,14,76349260,G,C,ENST00000298832.9:c.3740+15G>C,,intron_variant,ENSG00000119685
654,14,76349304,CTTTA,C,ENST00000298832.9:c.3740+66_3740+69del,,intron_variant,ENSG00000119685
655,14,76349328,G,A,ENST00000298832.9:c.3740+83G>A,,intron_variant,ENSG00000119685
656,14,76349332,G,A,ENST00000298832.9:c.3740+87G>A,,intron_variant,ENSG00000119685
657,14,76352920,G,A,ENST00000298832.9:c.3740+3675G>A,,intron_variant,ENSG00000119685
658,14,76352928,T,G,ENST00000298832.9:c.3740+3683T>G,,intron_variant,ENSG00000119685
659,14,76352929,C,T,ENST00000298832.9:c.3740+3684C>T,,intron_variant,ENSG00000119685
660,14,76352962,A,T,ENST00000298832.9:c.3740+3717A>T,,intron_variant,ENSG00000119685
661,14,76352962,AT,A,ENST00000298832.9:c.3740+3728del,,intron_variant,ENSG00000119685
662,14,76420972,GACA,G,ENST00000298832.9:c.*188_*190del,,3_prime_UTR_variant,ENSG00000119685
663,14,76352962,A,AT,ENST00000298832.9:c.3740+3728dup,,intron_variant,ENSG00000119685
664,14,76353112,C,T,ENST00000298832.9:c.3740+3867C>T,,intron_variant,ENSG00000119685
665,14,76353199,T,C,ENST00000298832.9:c.3740+3954T>C,,intron_variant,ENSG00000119685
666,14,76353219,G,GGCTGGGCGCGGTGGCTCACGCCTGTA,ENST00000298832.9:c.3740+3974_3740+3975insGCTGGGCGCGGTGGCTCACGCCTGTA,,intron_variant,ENSG00000119685
667,14,76353220,A,G,ENST00000298832.9:c.3740+3975A>G,,intron_variant,ENSG00000119685
668,14,76353221,T,C,ENST00000298832.9:c.3740+3976T>C,,intron_variant,ENSG00000119685
669,14,76353223,G,GGGCGCGGTGGCTCACGCCTGT,ENST00000298832.9:c.3740+3978_3740+3979insGGCGCGGTGGCTCACGCCTGT,,intron_variant,ENSG00000119685
670,14,76368352,A,G,ENST00000298832.9:c.3741-133A>G,,intron_variant,ENSG00000119685
671,14,76368357,C,T,ENST00000298832.9:c.3741-128C>T,,intron_variant,ENSG00000119685
672,14,76368378,A,G,ENST00000298832.9:c.3741-107A>G,,intron_variant,ENSG00000119685
673,14,76368431,C,G,ENST00000298832.9:c.3741-54C>G,,intron_variant,ENSG00000119685
674,14,76368432,A,C,ENST00000298832.9:c.3741-53A>C,,intron_variant,ENSG00000119685
675,14,76368433,C,G,ENST00000298832.9:c.3741-52C>G,,intron_variant,ENSG00000119685
676,14,76368438,C,T,ENST00000298832.9:c.3741-47C>T,,intron_variant,ENSG00000119685
677,14,76368462,G,C,ENST00000298832.9:c.3741-23G>C,,intron_variant,ENSG00000119685
678,14,76368485,A,AG,ENST00000298832.9:c.3744dup,ENSP00000298832.9:p.Ser1249ValfsTer15,frameshift_variant,ENSG00000119685
679,14,76368496,C,T,ENST00000298832.9:c.3752C>T,ENSP00000298832.9:p.Ala1251Val,missense_variant,ENSG00000119685
680,14,76368497,G,A,ENST00000298832.9:c.3753G>A,ENSP00000298832.9:p.Ala1251=,synonymous_variant,ENSG00000119685
681,14,76368521,G,A,ENST00000298832.9:c.3777G>A,ENSP00000298832.9:p.Gln1259=,synonymous_variant,ENSG00000119685
682,14,76368544,T,C,ENST00000298832.9:c.3800T>C,ENSP00000298832.9:p.Phe1267Ser,missense_variant,ENSG00000119685
683,14,76368550,C,T,ENST00000298832.9:c.3806C>T,ENSP00000298832.9:p.Pro1269Leu,missense_variant,ENSG00000119685
684,14,76421028,A,G,ENST00000298832.9:c.*239A>G,,3_prime_UTR_variant,ENSG00000119685
685,14,76420832,T,G,ENST00000298832.9:c.*43T>G,,3_prime_UTR_variant,ENSG00000119685
686,14,76420839,T,C,ENST00000298832.9:c.*50T>C,,3_prime_UTR_variant,ENSG00000119685
687,14,76420850,G,A,ENST00000298832.9:c.*61G>A,,3_prime_UTR_variant,ENSG00000119685
688,14,76420863,C,G,ENST00000298832.9:c.*74C>G,,3_prime_UTR_variant,ENSG00000119685
689,14,76420868,A,G,ENST00000298832.9:c.*79A>G,,3_prime_UTR_variant,ENSG00000119685
690,14,76420881,AT,A,ENST00000298832.9:c.*103del,,3_prime_UTR_variant,ENSG00000119685
691,14,76420881,A,AT,ENST00000298832.9:c.*103dup,,3_prime_UTR_variant,ENSG00000119685
692,14,76420924,G,A,ENST00000298832.9:c.*135G>A,,3_prime_UTR_variant,ENSG00000119685
693,14,76420998,T,C,ENST00000298832.9:c.*209T>C,,3_prime_UTR_variant,ENSG00000119685
694,14,76421014,C,A,ENST00000298832.9:c.*225C>A,,3_prime_UTR_variant,ENSG00000119685
695,14,76421017,T,TGG,ENST00000298832.9:c.*231_*232dup,,3_prime_UTR_variant,ENSG00000119685
696,14,76421048,C,T,ENST00000298832.9:c.*259C>T,,3_prime_UTR_variant,ENSG00000119685
697,14,76421097,A,G,ENST00000298832.9:c.*308A>G,,3_prime_UTR_variant,ENSG00000119685
698,14,76421161,T,C,ENST00000298832.9:c.*372T>C,,3_prime_UTR_variant,ENSG00000119685
699,14,76421276,C,T,ENST00000298832.9:c.*487C>T,,3_prime_UTR_variant,ENSG00000119685
