gene_id,variant_id,transcript_id,strand,exon,most_severe_consequence,impact,hgvs_c,hgvs_p,canonical
ENSG00000156171,3684915,ENST00000286692,-1,,intron_variant,modifier,ENST00000286692.4:c.693+14A>G,,t
ENSG00000119685,1660077,ENST00000298832,1,,3_prime_UTR_variant,modifier,,,t
ENSG00000156171,3684903,ENST00000286692,-1,,intron_variant,modifier,ENST00000286692.4:c.601-9A>G,,t
ENSG00000119685,1860056,ENST00000298832,1,,splice_region_variant,low,ENST00000298832.9:c.1709-7T>C,,t
ENSG00000119685,1860325,ENST00000298832,1,6/32,missense_variant,moderate,ENST00000298832.9:c.446C>T,ENSP00000298832.9:p.Ala149Val,t
ENSG00000119685,2475840,ENST00000298832,1,,5_prime_UTR_variant,modifier,,,t
ENSG00000119685,1860266,ENST00000298832,1,31/32,missense_variant,moderate,ENST00000298832.9:c.3800T>C,ENSP00000298832.9:p.Phe1267Ser,t
ENSG00000119685,1860383,ENST00000298832,1,,intron_variant,modifier,ENST00000298832.9:c.740+1544G>A,,t
ENSG00000119685,1860382,ENST00000298832,1,,intron_variant,modifier,ENST00000298832.9:c.740+1515C>A,,t
ENSG00000119685,1859960,ENST00000298832,1,26/32,missense_variant,moderate,ENST00000298832.9:c.2637A>C,ENSP00000298832.9:p.Leu879Phe,t
ENSG00000119685,1860085,ENST00000298832,1,,intron_variant,modifier,ENST00000298832.9:c.1550+4855T>A,,t
ENSG00000119685,1860014,ENST00000298832,1,,intron_variant,modifier,ENST00000298832.9:c.2136+72del,,t
ENSG00000119685,2265659,ENST00000556265,1,,intron_variant,modifier,ENST00000556265.1:n.72+74T>C,,
ENSG00000119685,2265791,ENST00000298832,1,,intron_variant,modifier,ENST00000298832.9:c.3823+1963T>C,,t
ENSG00000119685,1859992,ENST00000298832,1,22/32,synonymous_variant,low,ENST00000298832.9:c.2232C>T,ENSP00000298832.9:p.Arg744=,t
ENSG00000119685,3959818,ENST00000556265,1,,intron_variant,modifier,,,
ENSG00000119685,3959905,ENST00000556265,1,,intron_variant,modifier,,,
ENSG00000119685,2265682,ENST00000556265,1,,intron_variant,modifier,ENST00000556265.1:n.176+6099G>A,,
ENSG00000119685,2265798,ENST00000298832,1,,intron_variant,modifier,ENST00000298832.9:c.3823+1992del,,t
ENSG00000119685,3959887,ENST00000556265,1,,intron_variant,modifier,,,
ENSG00000119685,1860400,ENST00000298832,1,,intron_variant,modifier,ENST00000298832.9:c.843-96del,,t
ENSG00000119685,1860243,ENST00000298832,1,,intron_variant,modifier,ENST00000298832.9:c.3740+3684C>T,,t
ENSG00000119685,1860202,ENST00000298832,1,29/32,synonymous_variant,low,ENST00000298832.9:c.3498G>A,ENSP00000298832.9:p.Leu1166=,t
ENSG00000119685,1860223,ENST00000298832,1,,intron_variant,modifier,ENST00000298832.9:c.3522+83_3522+86del,,t
ENSG00000119685,1860364,ENST00000298832,1,,intron_variant,modifier,ENST00000298832.9:c.656-106T>A,,t
ENSG00000119685,1860217,ENST00000298832,1,,intron_variant,modifier,ENST00000298832.9:c.3522+73_3522+80del,,t
ENSG00000119685,1860190,ENST00000298832,1,,intron_variant,modifier,ENST00000298832.9:c.3327-143G>C,,t
ENSG00000156171,3684930,ENST00000286692,-1,,intron_variant,modifier,ENST00000286692.4:c.200-137del,,t
ENSG00000119685,1860386,ENST00000298832,1,,intron_variant,modifier,ENST00000298832.9:c.740+1616C>A,,t
ENSG00000119685,1860138,ENST00000298832,1,,intron_variant,modifier,ENST00000298832.9:c.1187-56G>T,,t
ENSG00000119685,1860161,ENST00000298832,1,,intron_variant,modifier,ENST00000298832.9:c.1124+68del,,t
ENSG00000119685,1860010,ENST00000298832,1,,intron_variant,modifier,ENST00000298832.9:c.2136+71_2136+72del,,t
ENSG00000119685,1860432,ENST00000298832,1,,intron_variant,modifier,ENST00000298832.9:c.2515+127T>A,,t
ENSG00000119685,1860410,ENST00000298832,1,,intron_variant,modifier,ENST00000298832.9:c.2283+116A>T,,t
ENSG00000119685,1859912,ENST00000298832,1,,intron_variant,modifier,ENST00000298832.9:c.934+45A>G,,t
ENSG00000119685,2265669,ENST00000556265,1,,intron_variant,modifier,ENST00000556265.1:n.176+30T>C,,
ENSG00000119685,2265744,ENST00000298832,1,,intron_variant,modifier,ENST00000298832.9:c.3172-1502del,,t
ENSG00000156171,3684806,ENST00000286692,-1,,intron_variant,modifier,ENST00000286692.4:c.694-80G>T,,t
ENSG00000119685,1860229,ENST00000298832,1,,intron_variant,modifier,ENST00000298832.9:c.3523-5del,,t
ENSG00000119685,1860373,ENST00000298832,1,,intron_variant,modifier,ENST00000298832.9:c.656-3dup,,t
ENSG00000119685,1859914,ENST00000298832,1,,intron_variant,modifier,ENST00000298832.9:c.181+23A>G,,t
ENSG00000119685,1859891,ENST00000298832,1,,splice_region_variant,low,ENST00000298832.9:c.75-3T>C,,t
ENSG00000119685,1859971,ENST00000298832,1,26/32,missense_variant,moderate,ENST00000298832.9:c.2872A>G,ENSP00000298832.9:p.Thr958Ala,t
ENSG00000119685,1859987,ENST00000298832,1,,intron_variant,modifier,ENST00000298832.9:c.2986+106A>G,,t
ENSG00000119685,1860399,ENST00000298832,1,,intron_variant,modifier,ENST00000298832.9:c.843-96dup,,t
ENSG00000119685,2265786,ENST00000298832,1,,intron_variant,modifier,ENST00000298832.9:c.3823+1791A>C,,t
ENSG00000119685,1860029,ENST00000298832,1,,splice_region_variant,low,ENST00000298832.9:c.2136+6G>C,,t
ENSG00000119685,1860040,ENST00000298832,1,,intron_variant,modifier,ENST00000298832.9:c.2016-74G>A,,t
ENSG00000119685,1860294,ENST00000298832,1,,intron_variant,modifier,ENST00000298832.9:c.265-63T>C,,t
ENSG00000119685,2265795,ENST00000298832,1,,intron_variant,modifier,ENST00000298832.9:c.3823+1992dup,,t
ENSG00000119685,1860317,ENST00000298832,1,,intron_variant,modifier,ENST00000298832.9:c.372-128T>C,,t
ENSG00000119685,10341097,ENST00000298832,1,,intron_variant,modifier,ENST00000298832.9:c.3522+68_3522+72dup,,t
ENSG00000156171,3684872,ENST00000286692,-1,,intron_variant,modifier,ENST00000286692.4:c.517+98T>C,,t
ENSG00000119685,2265793,ENST00000298832,1,,intron_variant,modifier,ENST00000298832.9:c.3823+1991_3823+1992del,,t
ENSG00000119685,1860206,ENST00000298832,1,,intron_variant,modifier,ENST00000298832.9:c.3522+66_3522+72dup,,t
ENSG00000119685,1860248,ENST00000298832,1,,intron_variant,modifier,ENST00000298832.9:c.3740+3886A>C,,t
ENSG00000119685,2265742,ENST00000298832,1,,intron_variant,modifier,ENST00000298832.9:c.3172-1502dup,,t
ENSG00000119685,1859998,ENST00000298832,1,,intron_variant,modifier,ENST00000298832.9:c.2137-25del,,t
ENSG00000119685,1860275,ENST00000298832,1,32/32,3_prime_UTR_variant,modifier,ENST00000298832.9:c.*103del,,t
ENSG00000156171,3684810,ENST00000286692,-1,9/9,3_prime_UTR_variant,modifier,ENST00000286692.4:c.*785T>G,,t
ENSG00000156171,3684821,ENST00000286692,-1,9/9,3_prime_UTR_variant,modifier,ENST00000286692.4:c.*242A>G,,t
ENSG00000119685,1860101,ENST00000298832,1,,intron_variant,modifier,ENST00000298832.9:c.1487+24del,,t
ENSG00000119685,10846523,ENST00000556265,1,,3_prime_UTR_variant,modifier,ENST00000556265.1:n.176+12886_176+12887dup,,
ENSG00000156171,2519411,ENST00000286692,-1,1/9,5_prime_UTR_variant,modifier,ENST00000286692.4:c.-263C>G,,t
ENSG00000119685,11101696,ENST00000298832,1,,intron_variant,modifier,ENST00000298832.9:c.2137-21_2137-15del,,t
ENSG00000119685,1859887,ENST00000298832,1,,intron_variant,modifier,ENST00000298832.9:c.1043-4494C>T,,t
ENSG00000119685,1860370,ENST00000298832,1,,intron_variant,modifier,ENST00000298832.9:c.656-3del,,t
ENSG00000119685,11101695,ENST00000298832,1,,intron_variant,modifier,ENST00000298832.9:c.2137-24C>T,,t
ENSG00000156171,11151747,ENST00000286692,-1,,splice_acceptor_variant,high,ENST00000286692.4:c.601-7_601-1del,,t
ENSG00000119685,11231087,ENST00000298832,1,,intron_variant,modifier,ENST00000298832.9:c.1709-29_1709-22del,,t
ENSG00000119685,1860231,ENST00000298832,1,,splice_region_variant,low,ENST00000298832.9:c.3523-4G>T,,t
ENSG00000119685,1660083,ENST00000298832,1,,3_prime_UTR_variant,modifier,,,t
ENSG00000156171,11630122,ENST00000286692,-1,,intron_variant,modifier,ENST00000286692.4:c.693+13A>G,,t
ENSG00000156171,11630124,ENST00000286692,-1,,intron_variant,modifier,ENST00000286692.4:c.600+44G>T,,t
ENSG00000156171,11630119,ENST00000286692,-1,9/9,3_prime_UTR_variant,modifier,ENST00000286692.4:c.*431C>A,,t
ENSG00000119685,11705004,ENST00000556265,1,,3_prime_UTR_variant,modifier,ENST00000556265.1:n.176+12866C>A,,
ENSG00000119685,2475833,ENST00000556265,1,,synonymous_variant,modifier,ENST00000556265.1:n.177-8116C>T,,
ENSG00000119685,1859900,ENST00000298832,1,,splice_region_variant,low,ENST00000298832.9:c.181+4C>T,,t
ENSG00000119685,2475856,ENST00000298832,1,,5_prime_UTR_variant,modifier,,,t
ENSG00000119685,11944500,ENST00000298832,1,,5_prime_UTR_variant,modifier,,,t
ENSG00000119685,3959854,ENST00000556265,1,,3_prime_UTR_variant,modifier,ENST00000556265.1:n.176+12886_176+12887del,,
ENSG00000119685,1860421,ENST00000298832,1,,intron_variant,modifier,ENST00000298832.9:c.2388-12T>C,,t
ENSG00000119685,1860232,ENST00000298832,1,30/32,synonymous_variant,low,ENST00000298832.9:c.3544C>T,ENSP00000298832.9:p.Leu1182=,t
ENSG00000156171,3684913,ENST00000286692,-1,,intron_variant,modifier,ENST00000286692.4:c.693+15T>C,,t
ENSG00000119685,12465132,ENST00000298832,1,24/32,frameshift_variant,high,ENST00000298832.9:c.2412del,ENSP00000298832.9:p.Thr805LeufsTer40,t
ENSG00000119685,12465133,ENST00000298832,1,24/32,missense_variant,moderate,ENST00000298832.9:c.2414C>A,ENSP00000298832.9:p.Thr805Asn,t
ENSG00000119685,3959837,ENST00000556265,1,,3_prime_UTR_variant,modifier,ENST00000556265.1:n.176+11646T>C,,
ENSG00000119685,12465134,ENST00000298832,1,24/32,missense_variant,moderate,ENST00000298832.9:c.2420A>T,ENSP00000298832.9:p.Tyr807Phe,t
ENSG00000119685,1860276,ENST00000298832,1,32/32,3_prime_UTR_variant,modifier,ENST00000298832.9:c.*103dup,,t
ENSG00000119685,1860236,ENST00000298832,1,30/32,missense_variant,moderate,ENST00000298832.9:c.3667G>T,ENSP00000298832.9:p.Ala1223Ser,t
ENSG00000119685,13000866,ENST00000298832,1,1/32,5_prime_UTR_variant,modifier,ENST00000298832.9:c.-192C>A,,t
ENSG00000119685,13000863,ENST00000556265,1,,3_prime_UTR_variant,modifier,ENST00000556265.1:n.176+12603A>G,,
ENSG00000119685,2265708,ENST00000556265,1,,intron_variant,modifier,ENST00000556265.1:n.177-11121T>C,,
ENSG00000119685,13130286,ENST00000298832,1,,3_prime_UTR_variant,modifier,,,t
ENSG00000119685,1859886,ENST00000298832,1,,intron_variant,modifier,ENST00000298832.9:c.1043-4493G>A,,t
ENSG00000119685,1860145,ENST00000298832,1,,intron_variant,modifier,ENST00000298832.9:c.1186+14T>G,,t
ENSG00000119685,1860380,ENST00000298832,1,,intron_variant,modifier,ENST00000298832.9:c.740+1497A>G,,t
ENSG00000119685,3959847,ENST00000556265,1,,3_prime_UTR_variant,modifier,ENST00000556265.1:n.176+12450T>C,,
ENSG00000119685,13751900,ENST00000298832,1,,3_prime_UTR_variant,modifier,,,t
ENSG00000119685,13878393,ENST00000298832,1,,intron_variant,modifier,ENST00000298832.9:c.3823+1978C>A,,t
ENSG00000119685,2475843,ENST00000298832,1,,5_prime_UTR_variant,modifier,,,t
ENSG00000119685,13878374,ENST00000556265,1,,3_prime_UTR_variant,modifier,ENST00000556265.1:n.177-11998C>A,,
ENSG00000156171,13930480,ENST00000286692,-1,6/9,frameshift_variant,high,ENST00000286692.4:c.355_362del,ENSP00000286692.4:p.Ala119CysfsTer51,t
ENSG00000156171,13930479,ENST00000286692,-1,6/9,missense_variant,moderate,ENST00000286692.4:c.364G>T,ENSP00000286692.4:p.Val122Leu,t
ENSG00000156171,3684815,ENST00000286692,-1,9/9,3_prime_UTR_variant,modifier,ENST00000286692.4:c.*600dup,,t
ENSG00000119685,3959936,ENST00000556265,1,,missense_variant,modifier,ENST00000556265.1:n.176+6268G>A,,
ENSG00000119685,2265703,ENST00000556265,1,,intron_variant,modifier,ENST00000556265.1:n.177-11320G>A,,
ENSG00000119685,1860100,ENST00000298832,1,,intron_variant,modifier,ENST00000298832.9:c.1487+24dup,,t
ENSG00000119685,2475834,ENST00000556265,1,,splice_region_variant,modifier,ENST00000556265.1:n.177-8074G>A,,
ENSG00000119685,14970693,ENST00000298832,1,,intron_variant,modifier,ENST00000298832.9:c.3823+10C>T,,t
ENSG00000119685,1860112,ENST00000298832,1,16/32,synonymous_variant,low,ENST00000298832.9:c.1326C>T,ENSP00000298832.9:p.Leu442=,t
