CHROM,POS,REF,ALT,individual
10,3178792,C,T,PH00008256
10,25241580,G,T,PH00008258
10,30988976,T,C,PH00008258
10,35496095,C,G,PH00008256
10,47728841,GAAGAATATTCATAAAA,G,PH00008267
10,98808603,G,T,PH00008268
10,101542403,A,G,PH00008258
10,106400985,A,ACGCT,PH00008268
10,124249207,C,T,PH00008267
10,135166035,A,G,PH00008258
11,3752549,A,G,PH00008268
11,4593281,G,A,PH00008258
11,6738372,T,C,PH00008258
11,22777582,G,A,PH00008268
11,31443472,G,A,PH00008258
11,61248768,G,A,PH00008258
11,61300715,C,T,PH00008268
11,61522775,C,A,PH00008268
11,67072574,T,G,PH00008256
11,111177260,C,T,PH00008256
11,111896602,C,T,PH00008256
11,133788233,C,A,PH00008256
11,133788235,G,T,PH00008256
12,57910431,A,G,PH00008268
12,69742054,A,G,PH00008267
12,71050532,T,C,PH00008267
12,80887193,T,A,PH00008258
12,88420609,C,T,PH00008258
12,108682887,C,T,PH00008267
12,109219894,C,A,PH00008256
12,132241205,C,G,PH00008258
13,20635472,G,A,PH00008268
13,26967494,T,C,PH00008256
13,108882810,A,G,PH00008267
14,21623634,G,C,PH00008258
14,22574186,C,A,PH00008258
14,23572007,T,A,PH00008256
14,23572008,C,A,PH00008256
14,24566447,C,T,PH00008258
14,24620612,A,T,PH00008258
14,27066964,C,CATTA,PH00008256
14,68059528,A,T,PH00008256
14,68059529,G,C,PH00008256
14,71134254,T,C,PH00008258
14,71205017,G,A,PH00008258
14,71374417,C,G,PH00008267
14,74535781,C,CCTGT,PH00008258
14,75359579,C,T,PH00008258
14,75469582,TC,T,PH00008258
14,76156575,A,G,PH00008258
14,76230990,TAGAG,T,PH00008258
14,77812537,C,T,PH00008268
14,88857944,G,A,PH00008256
14,94173382,G,A,PH00008258
15,28267530,C,CAAGTGGGT,PH00008258
15,28771642,G,A,PH00008256
15,31521511,G,T,PH00008256
15,31521511,G,A,PH00008256
15,42436522,G,A,PH00008258
15,52638913,C,T,PH00008268
15,89399986,C,G,PH00008256
16,2983472,C,T,PH00008267
16,3786305,GGCAGAGTCCCATGCATGTGTGCCCCCCCACCACAGTGCA,G,PH00008258
16,4847252,C,T,PH00008268
16,15027025,G,A,PH00008256
16,15198227,ACTGAGGGTGGAAGGGGAGTGAGCAGACACACTTGGGAGGTGTCTTGAGATTATCATCCGCTGAGGGTGGAG,A,PH00008268
16,15696562,A,C,PH00008267
16,16235473,T,C,PH00008258
16,19087279,A,T,PH00008256
16,21897653,C,T,PH00008258
16,27500319,T,C,PH00008267
16,30036495,C,T,PH00008258
16,49856517,C,T,PH00008268
17,38504824,T,C,PH00008267
17,39411599,T,C,PH00008258
17,42158282,G,A,PH00008256
17,55918655,G,A,PH00008258
17,72478072,G,A,PH00008256
17,74309144,C,T,PH00008268
18,2673378,T,TGTAAAGCA,PH00008256
18,19155041,A,C,PH00008267
18,48331727,G,T,PH00008258
18,60230429,T,C,PH00008258
19,3734464,TA,T,PH00008256
19,8196730,G,A,PH00008267
19,11510425,C,T,PH00008267
19,33109991,G,T,PH00008267
19,38974101,G,A,PH00008258
19,39010126,C,T,PH00008256
19,41936842,G,A,PH00008268
19,41936845,C,A,PH00008268
19,43584911,C,A,PH00008267
19,46005593,C,CACAAAAAAAAAAAAAAAAAAAAAAAA,PH00008256
19,49964808,T,TTCCTGGGTCTGAGGGAGGAGGGGCTGGGCCTGGAC,PH00008256
19,51290172,C,T,PH00008267
1,8921518,G,A,PH00008267
1,9323958,G,A,PH00008267
1,11115787,A,C,PH00008268
1,11188142,C,T,PH00008267
1,11736864,A,C,PH00008267
1,17718840,C,T,PH00008256
1,24078619,G,T,PH00008256
1,36820718,T,A,PH00008256
1,102252670,T,C,PH00008256
1,111663293,T,A,PH00008256
1,111825830,A,G,PH00008256
1,117509381,A,G,PH00008258
1,118067570,A,G,PH00008258
1,118530500,T,G,PH00008258
1,119433496,C,A,PH00008258
1,145313240,T,C,PH00008256
1,146496470,G,A,PH00008258
1,152282956,C,T,PH00008267
1,153390618,C,T,PH00008256
1,207658704,A,G,PH00008268
1,210014217,A,C,PH00008256
1,212900777,A,T,PH00008256
1,213031375,C,A,PH00008256
1,248813172,A,G,PH00008268
20,77122,A,AT,PH00008258
20,21687042,C,G,PH00008267
20,48744494,C,T,PH00008256
20,60718962,C,T,PH00008256
20,61986991,C,T,PH00008258
20,62190631,G,A,PH00008268
21,14722748,GTT,*,PH00008267
21,38639652,GGGGCGCCTCCCCGCTTCGTTCT,G,PH00008267
21,42762411,C,G,PH00008267
21,45230369,C,*,PH00008256
22,18016817,G,A,PH00008258
22,23406351,A,ACACC,PH00008258
22,23524182,C,T,PH00008258
22,23915429,T,G,PH00008258
22,24177101,C,T,PH00008258
22,24567627,C,T,PH00008258
22,36124648,G,A,PH00008256
22,39918175,A,G,PH00008268
22,41488555,C,T,PH00008256
2,242770,A,G,PH00008258
2,3595385,G,A,PH00008268
2,3690984,A,G,PH00008258
2,7421645,C,T,PH00008258
2,9568804,A,C,PH00008256
2,10560292,G,A,PH00008258
2,54144447,G,T,PH00008267
2,90218846,C,T,PH00008256
2,96591036,C,T,PH00008256
2,130796666,C,T,PH00008256
2,178762769,A,T,PH00008256
2,179629358,G,A,PH00008256
2,179637720,A,T,PH00008258
2,179645756,A,C,PH00008256
2,179736355,G,A,PH00008256
2,180036835,G,C,PH00008256
2,182388795,A,C,PH00008256
2,196620764,A,C,PH00008267PH00008258
2,201763990,A,G,PH00008267
3,52236800,T,A,PH00008258
3,57143424,C,T,PH00008256
3,126754989,G,T,PH00008267
3,129120504,G,A,PH00008258
3,130313172,C,T,PH00008258
3,131274350,T,C,PH00008258
3,133930378,T,C,PH00008258
3,142403366,A,C,PH00008258
3,195511430,TAGTGACAGGAAGAGGCGTGGTGTCACCTGTGGATGCTGAGGAAAGGCTGGTGACAGGAAGAGGGGTGGCGTGACCTGTGGATGCTGAGGAAGCGTC,T,PH00008267
3,195593729,C,T,PH00008256
4,15005228,C,G,PH00008256
4,79173419,G,A,PH00008258
4,100871928,C,T,PH00008267
4,184570569,AAAAAG,A,PH00008258
5,21501936,G,A,PH00008256
5,54720591,C,T,PH00008267
5,153674458,G,A,PH00008267
5,178699750,G,A,PH00008258
6,2988834,G,C,PH00008258
6,3078258,G,A,PH00008267
6,29911924,C,T,PH00008256
6,31698343,C,T,PH00008267
6,34977626,A,T,PH00008267
6,76385394,A,T,PH00008258
6,155109188,T,A,PH00008258
6,158569997,T,C,PH00008258
6,159065644,G,A,PH00008258
7,1587692,C,A,PH00008268
7,6187346,A,C,PH00008256
7,35989546,C,T,PH00008256
7,47092925,A,G,PH00008258
7,73960095,G,A,PH00008267
8,121455647,G,A,PH00008256
8,141231685,A,G,PH00008256
8,144803066,G,C,PH00008258
8,145639636,G,A,PH00008267
9,27330289,C,T,PH00008267
9,131872983,C,T,PH00008258
X,308414,G,A,PH00008258
X,1719685,G,A,PH00008258
X,8507694,C,T,PH00008256
X,8768354,C,G,PH00008256
X,9917235,G,C,PH00008256
X,11156888,A,G,PH00008258
X,13642132,C,T,PH00008256
X,17073015,C,T,PH00008258
X,18627008,C,G,PH00008258
X,19606877,G,A,PH00008258
X,21579757,A,C,PH00008267
X,24072941,G,T,PH00008258
X,30718595,T,C,PH00008267
X,31676304,T,A,PH00008267
X,39921470,C,T,PH00008267
X,40539068,A,G,PH00008258
X,47436763,C,T,PH00008258
X,48317052,CTCCTCCTCCTCCTCCTCCTCCTCCTCCTCTTCT,*,PH00008267
X,48321284,C,T,PH00008267
X,48925781,T,C,PH00008267
X,49083562,C,T,PH00008258
X,50135332,G,A,PH00008258
X,51150722,C,T,PH00008258
X,51639622,C,A,PH00008256
X,52681422,C,A,PH00008256
X,53223573,C,T,PH00008267
X,53456679,C,T,PH00008267
X,53561636,C,T,PH00008256
X,54071404,T,A,PH00008256
X,54160416,G,A,PH00008256
X,67652959,G,T,PH00008256
X,69502799,T,C,PH00008267
X,69646189,C,T,PH00008256
X,70361274,G,A,PH00008256
X,71351486,G,C,PH00008256
X,71359204,C,T,PH00008258
X,71360136,C,T,PH00008256
X,71417103,C,T,PH00008256
X,73046854,T,C,PH00008267
X,83357204,A,C,PH00008267
X,83360822,T,C,PH00008267
X,83591924,C,T,PH00008258
X,84570582,C,T,PH00008256
X,101908924,T,G,PH00008256
X,105159881,A,G,PH00008258
X,106806310,T,G,PH00008258
X,107447862,A,G,PH00008267
X,111095469,A,C,PH00008256
X,114424215,G,A,PH00008256
X,118763329,G,A,PH00008258
X,122771881,T,C,PH00008258
X,122772751,T,A,PH00008267
X,123515036,C,T,PH00008267
X,123516541,A,C,PH00008267
X,128725207,G,T,PH00008256
X,129822704,C,A,PH00008268
X,129837013,A,G,PH00008267
X,131547439,G,T,PH00008267
X,134156284,A,G,PH00008256
X,135428888,C,T,PH00008267
X,135958572,C,T,PH00008258
X,135960273,A,G,PH00008267
X,139865953,CGTCTTCCAGAAAATCCAT,C,PH00008267
X,139865961,A,*,PH00008267
X,139865963,A,*,PH00008267
X,139865971,T,*,PH00008267
X,146353743,T,C,PH00008256
X,151123382,G,A,PH00008256
X,151143126,G,A,PH00008256
X,153069023,T,C,PH00008258
X,153219265,C,A,PH00008256
X,153692055,C,A,PH00008267
2,196620764,A,C,PH00008267
